投诉编号,投诉品牌,投诉车系,投诉车型,问题简述,典型问题,投诉时间,投诉状态
571251,一汽-大众,高尔夫,2016款 1.6L  自动 舒适型,一汽大众高尔夫变速箱报故障码维修未解决,"B96,",2021-02-08,信息审核
571247,华晨宝马,宝马5系新能源,2020款 530Le 里程升级版 先锋版,华晨宝马5系新能源天窗异响反复维修未解决,"H89,J298,",2021-02-08,信息审核
571246,众泰汽车,大迈X7,2018款 2.0T 自动 尊贵型,众泰大迈X7永久免费保养承诺未兑现,"M279,",2021-02-08,信息审核
571243,奇瑞汽车,瑞虎8,2019款 1.6TGDI 自动 精英型,奇瑞瑞虎8出现水泵漏水存在质量问题,"A24,A191,A221,B33,J298,N317,",2021-02-08,信息审核
571242,一汽-大众奥迪,奥迪A3,2016款 Sportback 1.4T 双离合 风尚型,一汽大众奥迪A3变速箱机电控制单元故障,"B96,B115,",2021-02-08,信息审核
571238,东风日产,天籁,2021款 2.0L XL Upper AD1 智行领航版,东风日产天籁车载USB无法读取数据,"H134,H155,J301,",2021-02-08,信息审核
571236,东风标致,标致2008,2015款 1.6THP 自动 时尚版,东风标致2008凸轮轴齿轮磨损希望处理,"A129,",2021-02-08,信息审核
571235,一汽奔腾,奔腾B30,2017款 1.6L 手动 舒适型,一汽奔腾B30发动机机脚螺丝出现断裂,"A241,",2021-02-08,信息审核
571234,一汽马自达,睿翼,2010款 2.0L 豪华版,一汽马自达睿翼副驾驶气囊盖板开裂,"H176,",2021-02-08,信息审核
571229,广汽本田,雅阁,2018款 260TURBO 精英版 国VI,广汽本田雅阁高速行驶安全气囊故障灯亮,"H103,",2021-02-08,信息审核
571227,一汽-大众,探岳,2020款 330TSI 两驱 豪华智联版Pro,一汽大众探岳颗粒捕捉器堵塞导致油耗高,"A85,A114,",2021-02-08,信息审核
571226,SWM斯威汽车,SWM斯威X3,2017款 1.5T 风尚型,斯威X3排气管冒白烟并伴有异味存在质量缺陷,"A114,",2021-02-08,厂家受理
571222,华晨宝马,宝马5系,2021款 530Li 领先型 M运动套装,华晨宝马5系经销商低开发票不给备用钥匙,"I295,M315,O353,",2021-02-08,信息审核
571220,广汽乘用车,传祺GS4新能源,2017款 1.5L PHEV 尊享版,广汽传祺GS4新能源空调压缩机故障导致不制冷,"H101,",2021-02-08,信息审核
571219,一汽-大众奥迪,奥迪A4L,2018款 2.0T 时尚型 30周年年型,一汽大众奥迪A4L日行灯不亮 4S店不予保修,"H82,I297,",2021-02-08,信息审核
571216,领克,领克01,2021款 2.0TD 两驱 型Pro,领克01车辆停放一周电瓶没电要求解决,"H146,",2021-02-08,信息审核
571210,吉利汽车,帝豪GS,2020款 1.4T CVT 雅,吉利帝豪GS方向机异响 电子助力管柱故障,"D59,D265,J301,",2021-02-08,信息审核
571209,一汽丰田,RAV4荣放,2020款 2.0L CVT 两驱 风尚版,一汽丰田RAV4荣放发动机舱渗入泥沙,"Q322,",2021-02-08,信息审核
571206,一汽-大众,一汽-大众CC,2012款 1.8TSI DSG 尊贵型,一汽大众CC变速箱故障灯亮希望厂家处理,"B96,",2021-02-08,信息审核
571205,一汽-大众,迈腾,2013款 1.8TSI 舒适型,一汽大众迈腾变速器电控系统提示故障,"B115,",2021-02-08,信息审核
571203,奇瑞汽车,瑞虎8,2018款 1.5TCI 手动 尊贵型 7座,奇瑞瑞虎8水箱漏水希望厂家质保处理,"A37,A191,",2021-02-08,厂家受理
571201,一汽丰田,威驰,2017款 1.5L 手动 创行版,一汽丰田威驰发动机异响希望延保,"A9,",2021-02-08,信息审核
571200,北京现代,名图,2019款 1.8L 自动 智能型GLS 纪念款 国VI,北京现代名图变速箱换挡有顿挫希望厂家处理,"B19,",2021-02-08,信息审核
571199,一汽-大众,探岳X,2020款 330TSI 两驱 尊贵智联版,一汽大众探岳X自动启停失效 发动机油耗高,"A85,H263,",2021-02-08,处理反馈
571198,东风标致,标致408,2018款 350THP 自动 豪华版,东风标致408发动机故障灯亮节气门损坏,"A34,A251,",2021-02-08,处理反馈
571196,奇瑞汽车,艾瑞泽5,2017款 1.5L CVT 领潮版,奇瑞艾瑞泽5车身与车内支架生锈锈蚀,"H79,",2021-02-08,信息审核
571193,长安汽车,长安欧尚X7,2020款 1.5T 自动 豪华型,长安欧尚X7玻璃水管连接处脱落导致漏水,"H60,",2021-02-08,处理反馈
571191,奇瑞汽车,瑞虎8,2020款 290TGDI 自动 精英版,奇瑞瑞虎8发动机机油乳化问题未处理,"A13,",2021-02-08,处理反馈
571189,一汽-大众,宝来,2019款 宝来·传奇 1.5L 自动 时尚型 国V,一汽大众宝来冬季制动时存在异常响声,"E43,",2021-02-08,处理反馈
571188,东风标致,标致408,2015款 1.2T 自动 豪华版,东风标致408大灯外壳有裂纹现象,"H220,",2021-02-08,信息审核
571185,奇瑞捷豹路虎,捷豹XEL,2020款 2.0T 200PS R-DYNAMIC S进取运动版,奇瑞捷豹路虎捷豹XEL油门踏板共振明显,"H268,",2021-02-08,处理反馈
571180,一汽-大众奥迪,奥迪Q5L,2020款 45 TFSI 尊享时尚型,一汽大众奥迪Q5L中控台异响希望处理	,"H93,",2021-02-08,信息审核
571179,北京现代,领动,2016款 1.6L 自动 智炫·精英型,北京现代领动方向盘脱皮希望厂家处理,"H157,",2021-02-08,信息审核
571175,一汽-大众,探岳,2019款 380TSI 四驱 R-Line 国V,一汽大众探岳变速箱异响存在质量问题,"B33,",2021-02-08,处理反馈
571173,吉利汽车,吉利ICON,2020款 1.5TD i6 BSG,吉利ICON玲珑轮胎开裂要求厂家处理,"F100,",2021-02-08,厂家受理
571172,上汽大众,凌渡,2015款 330TSI DSG 舒适版,上汽大众凌渡车内有严重异味影响身体健康,"H185,",2021-02-08,处理反馈
571169,上汽大众,途观L,2017款 330TSI 两驱 舒适版,上汽大众途观L变速箱机电单元故障,"B115,",2021-02-08,处理反馈
571168,一汽-大众奥迪,奥迪A3,2014款 Sportback 1.4T 双离合 进取型,一汽大众奥迪A3方向盘转不动故障灯亮,"D57,D291,",2021-02-08,信息审核
571167,星途,星途LX,2020款 乘风破浪版 1.5T CVT 星耀版,星途LX车机系统无法手机绑定希望处理,"H155,",2021-02-08,信息审核
571164,北京现代,朗动,2012款 1.6L 手动 领先型,北京现代朗动正常行驶汽油泵故障导致缺缸,"H78,",2021-02-08,信息审核
571163,广汽丰田,凯美瑞,2019款 2.0G 豪华版 国V,广汽丰田凯美瑞中控台有开裂现象,"H168,",2021-02-08,信息审核
571162,一汽丰田,皇冠,2015款 2.0T 时尚版,一汽丰田皇冠中控屏开裂厂家未予理睬,"H168,",2021-02-08,信息审核
571161,上汽大众,途观L,2017款 380TSI 四驱 豪华版,上汽大众途观L变速箱进入紧急状态,"B84,B115,",2021-02-08,处理反馈
571160,一汽红旗,红旗HS7,2021款 2.0T 自动 两驱 智联旗畅版,红旗HS7冷车启动时刹车严重异响,"E43,",2021-02-08,信息审核
571159,吉利汽车,帝豪GL,2017款 1.8L 手动 精英型,吉利帝豪GL左前门锁故障 后备箱状态不显示,"H68,H197,",2021-02-08,信息审核
571157,长安马自达,马自达3 昂克赛拉,2017款 1.5L 三厢 自动 豪华型 国VI,长安马自达昂克赛拉中控屏幕内屏开裂,"H168,",2021-02-08,信息审核
571155,一汽-大众,探岳,2020款 330TSI 两驱 豪华智联版,一汽大众探岳自动启停失效 油耗高,"A85,H263,",2021-02-08,处理反馈
571154,一汽海马,福美来,2015款 1.6L 手动 挚爱版 M5,一汽海马福美来发动机异响 抖动不予解决,"A9,A24,",2021-02-08,信息审核
571152,一汽-大众,宝来,2019款 1.5L 自动 舒适型,一汽大众宝来转向加油时左前车轮异响,"G125,",2021-02-08,处理反馈
571151,东风本田,本田CR-V,2019款 240TURBO CVT 两驱 风尚版 国VI,东风本田CR-V发动机机油增多希望解决,"A339,",2021-02-08,处理反馈
571147,一汽-大众,捷达,2010款 1.6 手动 前卫型,一汽大众捷达车体由内向外腐烂生锈严重,"H79,",2021-02-08,处理反馈
571144,一汽奔腾,奔腾X40,2017款 1.6L 自动 尊贵型,一汽奔腾X40发动机故障报警 轮胎啃胎严重,"A34,G245,",2021-02-08,信息审核
571142,广汽乘用车,传祺GA4,2018款 200T 自动 尊享版,广汽传祺GA4买车时续保押金不退还,"L313,",2021-02-08,信息审核
571140,一汽-大众,迈腾,2019款 330TSI DSG 豪华型 国V,一汽大众迈腾变速箱异响顿挫 加速无力,"B33,B19,B334,I295,",2021-02-08,处理反馈
571137,一汽-大众,探岳,2020款 380TSI 四驱 R-Line智联版,一汽大众探岳尾气排放不合格希望处理处理,"A114,",2021-02-08,处理反馈
571136,广汽本田,飞度,2014款 1.5L 手动 LX舒适型,广汽本田飞度启动中发动机VTC执行器异响,"A9,",2021-02-08,处理反馈
571135,一汽-大众奥迪,奥迪A4L,2020款 40 TFSI 时尚动感型,一汽大众奥迪A4L大灯内部流胶现象严重,"H220,",2021-02-08,信息审核
571134,福田汽车,欧曼,2008款 BJ4181SLFJA-6 牵引,福田欧曼差速器故障导致无法正常行驶,"H86,",2021-02-08,信息审核
571133,上汽通用五菱,五菱宏光,2018款 1.5L S 基本型,上汽通用五菱宏光经销商收取贷款解压费,"K307,",2021-02-08,处理反馈
571132,一汽丰田,卡罗拉,2018款 1.2T S-CVT GL智享版,一汽丰田卡罗拉变速箱低速顿挫伴有异响,"B33,B19,",2021-02-08,信息审核
571131,一汽-大众,探岳,2020款 330TSI 两驱 豪华智联版Pro,一汽大众探岳颗粒捕捉器频繁堵塞油耗增高,"A85,A114,",2021-02-08,处理反馈
571130,上汽大众,途观L,2021款 330TSI 自动 两驱 R-Line越享版,上汽大众途观L颗粒捕捉器堵塞导致油耗高,"A85,A114,H170,",2021-02-08,处理反馈
571128,一汽-大众,探岳,2020款 330TSI 两驱 豪华智联版,一汽大众探岳颗粒捕捉器堵塞引起油耗高,"A85,A114,",2021-02-08,处理反馈
571127,众泰汽车,众泰T700,2017款 1.8T 双离合 尊享型,众泰T700变速箱无法加速客服联系不上,"B334,",2021-02-08,信息审核
571124,上汽大众,途观L,2021款 330TSI 自动 两驱 R-Line旗舰版,上汽大众途观L颗粒捕捉器堵塞导致油耗高,"A85,A114,",2021-02-08,处理反馈
571120,一汽-大众捷达,捷达VS5,2019款 280TSI 自动 悦享型,一汽大众捷达VS5变速箱异响希望处理,"B33,",2021-02-08,厂家受理
571119,华晨宝马,宝马X1新能源,2018款 xDrive25Le 豪华型,华晨宝马X1新能源电机和减速器连接处有异响	,"B33,",2021-02-08,信息审核
571116,一汽-大众奥迪,奥迪A4L,2020款 40 TFSI 豪华动感型,一汽大众奥迪A4L大灯内壁有流水状物质,"H88,",2021-02-08,信息审核
571113,东风日产,骐达TIIDA,2019款 1.6L CVT 智享版 国V,东风日产骐达严重亏电 车辆无法启动,"H146,",2021-02-08,信息审核
571112,广汽本田,缤智,2015款 1.5L CVT 两驱舒适型,广汽本田缤智冷车启动时有打齿声音,"A9,",2021-02-08,处理反馈
571111,长安马自达,马自达3 昂克赛拉,2016款 1.5L 手动 豪华型 三厢,长安马自达昂克塞拉显示屏严重脱胶,"H134,H168,",2021-02-08,信息审核
571110,一汽-大众,探岳,2020款 330TSI 两驱 豪华智联版Pro,大众探岳店内发生事故保险理赔过度维修,"J306,",2021-02-08,处理反馈
571108,东风标致,标致408,2014款 1.6T 自动 至尊版,东风标致408发动机故障灯亮 无法提速,"A34,A160,",2021-02-08,信息审核
571107,广汽乘用车,传祺GS5,2019款 270T 自动 尊享版,广汽传祺GS5质量问题频发要求退车,"H82,H118,Q322,",2021-02-08,信息审核
571104,一汽-大众奥迪,奥迪A4L,2020款 40 TFSI 豪华动感型,一汽大众奥迪A4L大灯内部流胶现象严重,"H220,",2021-02-08,信息审核
571102,长城汽车,欧拉好猫,2021款 400km标准续航 维纳斯版,欧拉好猫经销商销售承诺未兑现提不到车,"L313,L312,",2021-02-08,信息审核
571101,华晨宝马,宝马5系新能源,2020款 530Le 里程升级版 先锋版,华晨宝马5系新能源皮带断裂导致发动机损坏,"A329,A222,",2021-02-08,信息审核
571098,长安福特,翼虎,2015款 1.5L GTDi 两驱风尚型 5座,长安福特翼虎碳罐堵塞汽油箱无法加满,"H271,",2021-02-08,厂家受理
571093,奇瑞新能源,小蚂蚁,2019款 小蚂蚁 智炫版 4座 35kWh,奇瑞小蚂蚁动力电池故障 售后态度消极,"H343,I295,",2021-02-07,信息审核
571091,长安汽车,锐程CC,2021款 蓝鲸版 1.5T DCT 尊贵型,长安锐程CC天窗异响影响正常驾驶,"H89,",2021-02-07,处理反馈
571090,沃尔沃亚太,沃尔沃S60,2021款 T4 智逸豪华版,亚太沃尔沃S60车窗玻璃松动 车身色差大,"H72,H201,",2021-02-07,信息审核
571087,Jeep（进口）,指南者（进口）,2014款 2.4L 自动 四驱 运动版,进口Jeep指南者车内异味恶臭难忍,"H185,",2021-02-07,信息审核
571086,东风日产,奇骏,2014款 2.5L XL CVT 四驱 豪华版,东风日产奇骏变速箱报P0776故障码,"B84,",2021-02-07,信息审核
571084,一汽-大众,高尔夫,2018款 1.6L 自动 舒适型,一汽大众高尔夫变速箱降挡冲击顿挫异响,"B33,B19,",2021-02-07,处理反馈
571081,一汽-大众,探岳,2019款 330TSI 两驱 豪华型 国Ⅵ,一汽大众探岳大灯透镜模糊影响照明,"H82,",2021-02-07,处理反馈
571080,领克,领克03,2020款 1.5TD DCT 劲Pro版,领克03升级程序后油耗变高动力降低刹车变软,"O348,",2021-02-07,厂家受理
571079,广汽丰田,雷凌,2021款 185T CVT 豪华版,广汽丰田雷凌变速箱低速顿挫抖动	,"B19,B95,",2021-02-07,信息审核
571078,上汽通用五菱,新宝骏RS-3,2020款 1.5L 手动 智能舒适型,新宝骏RS-3车身和车顶多处有掉漆的现象,"H81,",2021-02-07,处理反馈
571073,北京现代,瑞纳,2014款 1.4L 手动 时尚型GS 三厢,北京现代瑞纳刹车时有异响而且刹车失灵,"E43,E29,",2021-02-07,信息审核
571072,上汽大众,途安,2018款 途安L 280TSI 自动 豪华版 7座,上汽大众途安变速器和转向异响4S店无法处理,"B33,D59,",2021-02-07,处理反馈
571070,北京现代,悦动,2020款 1.6L 自动 悦值版GLS,北京现代悦动销售商出售问题车漆面有喷漆,"M284,",2021-02-07,信息审核
571069,东风本田,杰德,2016款 1.8L 自动 舒适精英版 5座,东风本田杰德中控屏黑屏鼓风机异响,"H134,H185,H101,",2021-02-07,信息审核
571068,奇瑞汽车,瑞虎8 PLUS,2021款 290TGDI DCT 豪享版,奇瑞瑞虎8 PLUS变速箱挡位错乱存在质量问题,"B84,B115,",2021-02-07,厂家受理
571064,上汽大众,途观,2016款 300TSI 自动 四驱 风尚视野版,上汽大众途观耦合器异响要求召回处理,"G127,",2021-02-07,处理反馈
571062,江淮汽车,瑞风S3,2014款 1.5L 手动 豪华智能型,江淮瑞风S3底盘生锈希望得到处理,"H79,",2021-02-07,处理反馈
571059,华晨宝马,宝马X1,2016款 sDrive18Li 尊享型,华晨宝马X1发动机机脚塌陷 天窗异响,"A24,H89,",2021-02-07,信息审核
571058,吉利汽车,熊猫,2009款 1.3L 手动 功夫版,吉利熊猫转向助力失效 后桥断裂,"D112,G230,",2021-02-07,信息审核
571057,北京现代,悦动,2020款 1.6L 自动 悦目版GL,北京现代悦动转向管柱处出现异响,"D59,",2021-02-07,信息审核
571056,一汽-大众,高尔夫·嘉旅,2016款 1.6L 自动 舒适型,一汽大众高尔夫嘉旅变速箱换挡顿挫严重,"B19,",2021-02-07,处理反馈
571055,华晨宝马,宝马3系,2020款 325Li M运动套装,华晨宝马3系刹车片异常磨损希望处理,"E47,",2021-02-07,信息审核
571053,福田汽车,图雅诺,2019款 2.5T E5 4J25TC3,福田图雅诺发动机烧机油 钢板减震失弹,"A63,G171,",2021-02-07,信息审核
571052,长安福特,翼虎,2019款 EcoBoost 180 两驱 豪翼型 国V,长安福特翼虎低温时后悬架有异响现象,"G204,",2021-02-07,处理反馈
571050,长安福特,探险者,2020款 EcoBoost 285 四驱 钛金版 7座,长安福特探险者行驶时汽油箱有异响,"H79,H147,",2021-02-07,处理反馈
571046,一汽-大众,迈腾,2020款 330TSI DSG 豪华型,一汽大众迈腾怠速时发动机有异响现象,"A9,",2021-02-07,处理反馈
571041,上汽集团,荣威360,2015款 1.5L   手动 豪华版,上汽荣威360行驶时前减震器和底盘异响,"G52,G56,",2021-02-07,用户评分
571039,北京奔驰,奔驰E级,2019款 E 300 L 运动时尚型 改款,北京奔驰E级正常行驶过程中轮毂开裂,"H243,",2021-02-07,信息审核
571037,东风标致,标致308S,2015款 1.2T 自动 劲驰版,东风标致308S更换正时皮带后发动机烧机油,"A63,",2021-02-07,处理反馈
571036,东风日产,启辰R50,2015款 1.6L 自动 时尚版,东风启辰R50发动机漏防冻液要求厂家处理,"A37,",2021-02-07,信息审核
571035,北京现代,悦动,2018款 1.6L 自动 悦目版 GL 国V,北京现代悦动方向盘异响转向沉重维修未解决,"D59,D156,",2021-02-07,信息审核
571034,一汽奔腾,奔腾X40,2019款 1.6L 手动 舒适型 国V,一汽奔腾X40发动机缸盖损坏导致抖动,"A24,",2021-02-07,处理反馈
571033,华晨中华,中华V3,2017款 1.5L 自动 智能型,华晨中华V3保修配件半年一直未到货,"N318,",2021-02-07,信息审核
571030,东风本田,INSPIRE,2019款 260TURBO 精致版 国V,东风本田INSPIRE行驶中失速容易熄火,"A34,A14,A255,",2021-02-07,信息审核
571028,东风日产,奇骏,2021款 2.5L CVT 4WD XL ITS 豪华 领航版,东风日产奇骏新车车内有金属摩擦异响,"H164,",2021-02-07,信息审核
571023,上汽集团,荣威950,2017款 30T 互联网行政至尊版,上汽荣威950频繁维修 店内出售问题车,"M284,N317,",2021-02-07,信息审核
571022,长安福特,蒙迪欧致胜,2011款 200 GTDi 时尚型,长安福特蒙迪欧致胜更换离合器后无法换挡,"J300,",2021-02-07,厂家受理
571021,奇瑞汽车,瑞虎8,2018款 1.5TCI 手动 尊贵型 5座,奇瑞瑞虎8仪表台中央下方出现异响,"H93,",2021-02-07,信息审核
571018,一汽-大众,迈腾,2020款 330TSI DSG 豪华型,一汽大众迈腾发动机异响希望厂家处理问题,"A9,",2021-02-07,处理反馈
571015,长安福特,锐际,2020款 EcoBoost 245 两驱 耀享款,长安福特锐际倍耐力轮胎开裂存在质量问题,"F100,",2021-02-07,处理反馈
571014,吉利汽车,远景X6,2018款 1.4T CVT 4G互联豪华型,吉利远景X6底盘多处生锈售后未解决问题,"H79,",2021-02-07,信息审核
571013,东风日产,启辰D60,2019款 十万荣耀 1.6L XL CVT 辰酷版 国V,启辰D60发动机异响 厂家拒绝三包索赔,"A9,",2021-02-07,信息审核
571012,上汽大众,途观,2016款 280TSI 自动 两驱 丝绸之路舒适版,大众途观变速箱机电控制单元故障,"B115,",2021-02-07,用户评分
571011,奇瑞汽车,瑞虎8 PLUS,2021款 290TGDI DCT 豪耀版,奇瑞瑞虎8 PLUS起步顿挫异响 中控异响,"B19,H93,Q322,",2021-02-07,处理反馈
571010,Jeep（进口）,指南者（进口）,2014款 2.4L 自动 四驱 豪华导航版,JEEP进口指南者车内异味较重,"H185,",2021-02-07,厂家受理
571008,宝沃汽车,宝沃BX7,2016款 28T 两驱 精英版 5座,宝沃BX7发动机熄火多次维修未解决问题,"A14,J298,",2021-02-07,处理反馈
571007,一汽-大众,T-ROC探歌,2018款 280TSI DSG 两驱 舒适型 国V,一汽大众探歌韩泰轮胎老化开裂严重,"F100,",2021-02-07,处理反馈
571006,长安汽车,长安CS55 PLUS,2021款 蓝鲸版 1.5T DCT 豪华型,长安CS55 PLUS变速箱无法挂挡存在质量问题,"B20,B334,",2021-02-07,处理反馈
571003,广汽菲克菲亚特,菲翔,2012款 1.4T 自动 劲享版,广汽菲克菲亚特菲翔4S店检测收费不合理,"K307,",2021-02-07,厂家受理
571002,奔驰（进口）,奔驰GLE,2021款 GLE 450 4MATIC 时尚型,奔驰GLE起动机发电机问题导致车辆熄火,"A14,",2021-02-07,信息审核
570999,一汽-大众,探岳,2020款 330TSI 两驱 豪华智联版,一汽大众探岳发动机油耗高 变速箱顿挫异响,"A85,B33,B19,H15,",2021-02-07,处理反馈
570998,北京现代,领动,2019款 1.4T 双离合 炫动·活力型,北京现代领动起步时变速箱顿挫而且有异响,"B33,B19,",2021-02-07,信息审核
570989,上汽通用五菱,新宝骏RS-5,2020款 300T CVT 智能尊贵型,新宝骏RS-5刹车失灵 仪表盘上制动故障灯亮,"E29,E62,H60,",2021-02-07,用户评分
570988,吉利汽车,缤瑞,2018款 14T CVT 缤致版,吉利缤瑞电瓶亏电导致发动机无法启动,"H146,",2021-02-07,信息审核
570986,一汽-大众,速腾,2019款 200TSI DSG 舒适型 国VI,一汽大众速腾侧标掉漆 刹车异响 减震异响,"E43,G52,H81,",2021-02-07,处理反馈
570984,吉利汽车,帝豪GL,2017款 1.8L 手动 精英型,吉利帝豪GL 4S店修出新问题服务承诺不兑现,"J300,L314,N316,",2021-02-07,信息审核
570982,广汽本田,雅阁,2018款 2.0L 锐领版 锐·混动 国VI,广汽本田雅阁方向盘卡顿 升级程序后变重,"D123,D156,O348,",2021-02-07,处理反馈
570977,众泰汽车,众泰T600,2015款 1.5T 手动 旗舰型,众泰T600胎压传感器故障报警 押金不予退还	,"H203,K309,",2021-02-07,信息审核
570976,北京现代,索纳塔,2020款 270TGDi GLS DCT 精英版,北京现代索纳塔天窗异响维修未解决问题,"H89,",2021-02-07,信息审核
570974,一汽-大众奥迪,奥迪A6L,2019款 45 TFSI 臻选动感型,一汽大众奥迪A6L四个轮毂有氧化的现象,"H243,",2021-02-07,信息审核
570972,一汽丰田,卡罗拉,2009款 1.6 手动 GL 天窗特别版,丰田卡罗拉4S店维修时使用非原厂件,"N319,",2021-02-07,信息审核
570969,郑州日产,途达,2018款 2.5L 自动 四驱 豪华版,郑州日产途达加速行驶时车身共振有异响,"H15,H268,",2021-02-07,信息审核
570967,江淮汽车,瑞风M3,2019款 创客版 1.8L 豪华型,江淮瑞风M3店内人员操作导致发动机故障,"J299,J304,",2021-02-07,用户评分
570965,东风日产,天籁,2019款 2.0L XL 舒适版,东风日产天籁中控台塑料件开裂 油箱异响,"E43,H168,H164,H147,",2021-02-07,信息审核
570963,华晨宝马,宝马5系,2018款 530Li 领先型 豪华套装 改款,华晨宝马5系前大灯开裂希望厂家质保,"H220,",2021-02-07,处理反馈
570959,东风日产,启辰T70,2016款 2.0L CVT 睿趣版,启辰T70高速时转向卡顿希望厂家处理问题,"D123,",2021-02-07,信息审核
570954,东风标致,标致3008,2014款 1.6THP 自动逐乐版,东风标致3008发动机有烧机油现象,"A63,",2021-02-07,处理反馈
570952,上汽大众,途昂,2019款 530 V6 四驱 旗舰版 国VI,上汽大众途昂底盘平衡杆异响维修无配件,"N318,",2021-02-07,用户评分
570951,海马汽车,海马8S,2019款 1.6TGDI 自动 潮版,海马8S介绍新客户赠送奖励金承诺未兑现,"L314,",2021-02-07,信息审核
570946,一汽-大众奥迪,奥迪A4L,2015款 2.0T CVT 自动 豪华型,一汽大众奥迪A4L节温器和水泵漏防冻液,"A37,",2021-02-07,信息审核
570944,上汽大众,途铠,2019款 1.5L 自动 舒适版,上汽大众途铠电瓶长期低电量报警,"H146,",2021-02-07,用户评分
570943,奥迪（进口）,奥迪A5,2019款 Sportback 40 TFSI 时尚型,进口奥迪A5大灯有维修痕迹4S店销售问题车,"M284,",2021-02-07,信息审核
570939,北京奔驰,奔驰GLB,2020款 改款 GLB 200 时尚型,北京奔驰GLB未安装碳罐电磁阀阻尼器,"Q322,",2021-02-07,信息审核
570938,东风雪铁龙,雪铁龙C4L,2013款 1.6THP 自动 劲驰版,雪铁龙C4L发动机正时链条异响 动力消失,"A255,A45,",2021-02-07,处理反馈
570936,丰田（进口）,埃尔法,2019款 2.5L 双擎 豪华版,丰田埃尔法行驶时副驾驶座椅异响,"H164,",2021-02-07,信息审核
570932,奇瑞汽车,瑞虎8,2019款 1.6TGDI 自动 豪华型,奇瑞瑞虎8水泵损坏防冻液渗漏导致高温,"A191,A221,",2021-02-07,处理反馈
570928,上汽通用五菱,新宝骏RC-5,2020款 1.5T CVT 智耀旗舰型,新宝骏RC-5方向盘异响 中央扶手箱翘起,"D59,H168,H209,",2021-02-07,处理反馈
570927,上汽大众,帕萨特新能源,2020款 430PHEV 混动豪华版 国VI,上汽大众帕萨特新能源发动机异响故障灯亮,"A9,A34,B19,",2021-02-07,用户评分
570922,奇瑞汽车,瑞虎3x,2020款 质享版 1.5L CVT 豪华版,奇瑞瑞虎3x变速器故障灯亮 发动机熄火,"A34,A14,B96,",2021-02-07,处理反馈
570921,福田汽车,祥菱V,2018款 1.2L 半承载 3070轴距(厢车)4W12M1,福田祥菱V车厢无法锁止 手续不齐全,"H149,O353,",2021-02-07,信息审核
570920,东风日产,蓝鸟,2020款 1.6L CVT 智联智酷版,东风日产蓝鸟普利司通轮胎鼓包质量差,"F39,",2021-02-07,信息审核
570919,一汽-大众,探岳,2020款 330TSI 两驱 豪华智联版,一汽大众探岳变速箱顿挫 油泵和后视镜异响,"B19,H78,H211,",2021-02-07,处理反馈
570916,中兴汽车,领主,2019款 2.5T 手动 四驱 乘用版 超豪华型 标双 柴油,中兴领主冬季时发动机启动困难希望厂家处理,"A44,",2021-02-07,信息审核
570915,广汽三菱,奕歌,2019款 1.5T CVT 两驱 信念版 国VI,广汽三菱奕歌行驶时天窗异响影响正常驾驶,"H89,",2021-02-07,厂家受理
570913,一汽红旗,红旗H5,2020款 1.8T 自动 智联旗领版,红旗H5中控显示屏花屏黑屏 中控台异响,"H134,H93,",2021-02-07,信息审核
570911,长安福特,福睿斯,2015款 1.5L 手动 时尚型,长安福特福睿斯主驾驶侧车窗升降失灵,"H67,",2021-02-07,处理反馈
570906,一汽-大众,迈腾,2017款 330TSI DSG 豪华型,一汽大众迈腾车钥匙亏电导致无法使用,"H119,",2021-02-07,处理反馈
570904,东风日产,劲客,2017款 1.5L CVT 智行版,东风日产劲客优科豪马轮胎鼓包起皮	,"F186,F39,",2021-02-07,信息审核
570903,一汽-大众,速腾,2019款 280TSI DSG 舒适型 国VI,一汽大众速腾副驾驶侧B柱出现异响,"H15,",2021-02-07,处理反馈
570902,奇瑞汽车,瑞虎5x,2017款 1.5T 手动 精英型,奇瑞瑞虎5x车门生锈门把手漆面鼓包座垫开裂,"H79,H81,H169,",2021-02-07,处理反馈
570901,一汽-大众捷达,捷达VS5,2019款 280TSI 自动 悦享型,捷达VS5车速慢时刹车有异响现象,"E43,",2021-02-07,信息审核
570900,北京现代,领动,2019款 1.4T 双离合 炫动·活力型,现代领动变速箱异响 方向盘有异响,"B33,D59,",2021-02-07,信息审核
570899,一汽丰田,威驰,2017款 1.5L CVT 创行版,一汽丰田威驰变速箱有拖挡异响现象,"B33,B69,",2021-02-07,信息审核
570896,东风本田,本田CR-V,2021款 240TURBO CVT 两驱 风尚版,东风本田CR-V加速时变速箱有异响,"B33,",2021-02-07,处理反馈
570895,东风标致,标致408,2020款 360THP 十周年纪念版,标致408发动机敲缸 佳通轮胎鼓包,"A191,A160,F39,H234,",2021-02-07,处理反馈
570894,一汽-大众,速腾,2014款 1.4TSI 手动 豪华型 改款,一汽大众速腾车身稳定和ABS故障灯亮,"E74,H170,",2021-02-07,处理反馈
570893,广汽丰田,YARiS L 致享,2017款 1.5E CVT 魅动版,广汽丰田致享涨紧轮问题要求更换,"A45,",2021-02-07,信息审核
570891,一汽奔腾,奔腾B30,2016款 1.6L 手动 豪华型,奔腾B30发动机抖动 多缸失火 方向盘卡滞,"A24,D123,",2021-02-07,处理反馈
570889,一汽-大众,探岳,2020款 330TSI 两驱 豪华智联版,大众探岳油耗高 颗粒捕捉器堵塞,"A85,A255,A114,",2021-02-07,处理反馈
570887,北京现代,领动,2018款 1.4T 双离合 炫动·活力型,北京现代领动加速时异响 起步抖动,"A24,C65,",2021-02-07,信息审核
570885,奇瑞汽车,艾瑞泽GX,2018款 1.5T 手动 型色版,奇瑞艾瑞泽GX方向盘不正多次维修未解决,"D154,J298,",2021-02-07,处理反馈
570883,一汽-大众奥迪,奥迪A4L,2015款 quattro 2.0T 双离合 个性运动型,一汽大众奥迪A4L变速箱变矩器异响严重,"B33,",2021-02-07,信息审核
570882,江淮汽车,瑞风S2,2015款 1.5L CVT 豪华智能型,江淮瑞风S2变速箱起步冲击打滑无法行驶,"B19,B27,",2021-02-06,用户评分
570877,东风标致,标致408,2015款 1.2T 自动 豪华版,东风标致408发动机故障灯亮 车窗按键故障,"A34,H67,",2021-02-06,处理反馈
570873,众泰汽车,众泰T500,2018款 1.5T 手动 尊享型 5座,众泰T500电子手刹故障无法质保维修,"E159,",2021-02-06,信息审核
570869,北京现代,索纳塔,2020款 380TGDi GLS 自动 豪华版,北京现代索纳塔车机系统无法连网要求处理,"H155,",2021-02-06,信息审核
570867,广汽本田,雅阁,2015款 2.0L LXS 精英版,广汽本田雅阁变速箱渗油要求厂家尽快解决,"B22,",2021-02-06,处理反馈
570864,北汽昌河,昌河Q35,2018款 1.5L 手动 炫智版,昌河Q35方向盘按键失灵 胎压监测故障灯亮,"H134,H203,",2021-02-06,信息审核
570862,长安福特,福睿斯,2015款 1.5L 手动 舒适型,长安福特福睿斯热车后变速箱出现异响,"B33,",2021-02-06,处理反馈
570861,华晨宝马,宝马X3,2020款 xDrive28i M运动套装,华晨宝马X3天窗遮阳帘开启后无法关闭,"H192,",2021-02-06,用户评分
570859,吉利汽车,远景X6,2020款 1.4T CVT 尊贵型,吉利远景X6车载网络报警 胎压报警 车漆开裂,"H81,H155,H203,",2021-02-06,处理反馈
570857,东风日产,轩逸,2018款 1.6XV CVT 尊享版,东风日产轩逸变速箱故障导致无法加速,"B334,",2021-02-06,信息审核
570854,一汽-大众奥迪,奥迪A4L,2020款 40 TFSI 时尚致雅型,一汽大众奥迪A4L大灯进水4S店拒绝索赔,"H88,",2021-02-06,处理反馈
570853,广汽丰田,凯美瑞,2008款 240G 2.4 自动 豪华版,广汽丰田凯美瑞严重烧机油要求召回,"A63,",2021-02-06,信息审核
570849,东风悦达起亚,智跑,2019款 2.0L 自动 智享豪华版,东风悦达起亚智跑发动机拉缸行驶中熄火,"A329,",2021-02-06,处理反馈
570848,上汽大众斯柯达,柯米克,2020款 1.5L 自动 舒适版,斯柯达柯米克排气管后段锈蚀严重,"H30,",2021-02-06,处理反馈
570846,广汽本田,飞度,2014款 1.5L CVT LX舒适型,广汽本田飞度启动困难要求厂家召回,"A44,",2021-02-06,处理反馈
570840,上汽集团,名爵5,2021款 300TGI DCT 青奢豪享版,上汽名爵5发动机排放系统故障希望处理,"A34,A114,",2021-02-06,用户评分
570838,东风雪铁龙,爱丽舍,2014款 1.6L 手动 时尚型,东风雪铁龙爱丽舍油管卡子断裂失去动力,"A255,H168,H75,",2021-02-06,处理反馈
570836,北京现代,菲斯塔,2019款 280TGDi 智速版 国VI,北京现代菲斯塔天窗和车身异响希望厂家处理,"H15,H89,",2021-02-06,信息审核
570834,一汽-大众,探岳,2019款 330TSI 四驱 豪华型 国V,一汽大众探岳倒车时动力不足车灯有白雾,"A163,H82,",2021-02-06,处理反馈
570832,上汽大众,途观L,2017款 330TSI 两驱 旗舰版,上汽大众途观L天窗排水管漏水希望厂家处理,"H90,",2021-02-06,处理反馈
570831,一汽-大众,探岳,2020款 380TSI 四驱 R-Line智联版,一汽大众探岳后视镜折叠异响车灯有白雾,"A12,H82,H211,H75,",2021-02-06,处理反馈
570829,奇瑞汽车,瑞虎8,2020款 290TGDI 自动 精英版 大六座,奇瑞瑞虎8事故维修售后私自喷漆欺骗消费者,"I293,O305,",2021-02-06,处理反馈
570828,一汽丰田,RAV4荣放,2016款 2.0L CVT 两驱 风尚版 国V,一汽丰田RAV4荣放左前半轴防尘套漏油,"G161,",2021-02-06,信息审核
570821,吉利汽车,帝豪GL,2018款 1.4T 自动 精英智联型,吉利帝豪GL天窗开裂漏水经销商不予索赔,"H113,H90,I297,",2021-02-06,处理反馈
570820,一汽-大众,探岳,2019款 330TSI 两驱 豪华型 国Ⅵ,一汽大众探岳大灯透镜发白影响夜间视线,"H82,",2021-02-06,处理反馈
570818,上汽通用五菱,宝骏530,2020款 1.5T CVT 尊贵互联型 6座,宝骏530发动机故障灯亮希望厂家处理问题,"A34,",2021-02-06,处理反馈
570817,广汽丰田,凯美瑞,2019款 2.5G 豪华版 国VI,广汽丰田凯美瑞发动机机油增多乳化,"A339,A13,",2021-02-06,信息审核
570812,长安马自达,马自达3 昂克赛拉,2020款 1.5L 自动 质美版,长安马自达昂克赛拉中控异响 车门下沉,"H155,H93,H149,",2021-02-06,处理反馈
570811,长安福特,蒙迪欧,2013款 2.0T 自动 GTDi200豪华型,长安福特蒙迪欧行驶中发动机熄火,"A14,",2021-02-06,处理反馈
570810,北京现代,领动,2016款 1.6L 自动 智炫·精英型,北京现代领动转向异响维修后转向沉重,"D156,",2021-02-06,处理反馈
570809,广汽本田,缤智,2015款 1.5L CVT 两驱舒适型,广汽本田缤智冷启动发动机异响希望处理,"A9,",2021-02-06,处理反馈
570808,SWM斯威汽车,SWM斯威X7,2017款 1.5T 自动 智享型 7座,SWM斯威X7低速换挡时变速箱有顿挫现象,"B19,",2021-02-06,厂家受理
570806,一汽-大众,宝来,2019款 宝来·传奇 1.5L 手动 领先型 国V,一汽大众宝来发动机与半轴漏油希望处理,"A12,G51,",2021-02-06,处理反馈
570805,比亚迪,比亚迪F3,2010款 1.5 手动 新白金版实用型,比亚迪F3车身大面积生锈希望处理,"H79,",2021-02-06,处理反馈
570803,东风标致,标致2008,2014款 1.6L 手动 时尚版,东风标致2008质保期内烧机油不解决,"A63,",2021-02-06,厂家受理
570802,长安林肯,冒险家,2021款 2.0T 两驱 尊悦版,林肯冒险家经销商一直提不到车,"L312,",2021-02-06,信息审核
570799,领克,领克03,2020款 1.5TD DCT 劲版,领克03电瓶亏电导致无法正常使用,"H146,",2021-02-06,信息审核
570797,长城汽车,炮,2020款 2.0T 越野版 自动 汽油 四驱 限量版 拖挂版 GW4C20B,长城炮新车发动机异响明显希望处理,"A9,",2021-02-06,处理反馈
570791,东风日产,奇骏,2014款 2.5L XL CVT 四驱 领先版,东风日产奇骏变速箱无法换挡无法加速,"B20,B334,",2021-02-06,处理反馈
570789,广汽本田,飞度,2014款 1.5L CVT LX舒适型,广汽本田飞度启动机故障导致启动困难,"A44,",2021-02-06,处理反馈
570783,北京现代,菲斯塔,2019款 280TGDi 智速版 国VI,北京现代菲斯塔4S店承诺选装配置未兑现,"I293,K309,L313,",2021-02-06,处理反馈
570782,东风日产,奇骏,2019款 2.0L CVT 舒适版 5座 2WD,东风日产奇骏冬天启动时排气管冒黑烟,"A114,",2021-02-06,处理反馈
570781,东风悦达起亚,智跑,2019款 2.0L 自动 智享豪华版,东风悦达起亚智跑锦湖轮胎脱皮 喷油嘴渗油,"A53,F186,",2021-02-06,处理反馈
570780,一汽-大众,高尔夫,2016款 230TSI 自动 舒适型,一汽大众高尔夫行驶时变速箱故障报警,"B96,",2021-02-06,处理反馈
570779,一汽-大众,一汽-大众CC,2019款 380TSI 曜颜版,一汽大众CC起步和加油时异响4S店查不出原因,"B33,G56,J301,",2021-02-06,处理反馈
570778,上汽通用别克,君威,2019款 20T 精英型 国V,别克君威发动机变速箱故障灯报警,"A34,B96,",2021-02-06,处理反馈
570775,上汽大众,途观L,2017款 330TSI 两驱 豪华版,上汽大众途观L变速箱机电控制单元故障,"B115,",2021-02-06,用户评分
570773,凯翼汽车,凯翼C3,2015款 1.5L AMT 黄钻版,凯翼C3变速器脱挡希望尽快得到处理,"B246,",2021-02-06,信息审核
570771,一汽-大众,探岳,2019款 330TSI 两驱 豪华型 国Ⅵ,一汽大众探岳大灯透镜发白影响夜间照明,"H82,",2021-02-06,处理反馈
570769,华晨中华,中华V6,2018款 1.5T 自动 尊贵型,华晨中华V6发动机缺缸希望尽快处理,"A24,A163,",2021-02-06,信息审核
570763,长安铃木,骁途,2017款 1.6L 手动 两驱 都市时尚型,长安铃木骁途低温无法启动希望尽快处理,"A44,",2021-02-06,信息审核
570762,长安福特,探险者,2020款 EcoBoost 285 四驱 钛金版 6座,长安福特探险者变速箱与分动箱连接处漏油,"B22,",2021-02-06,处理反馈
570758,东风雪铁龙,凯旋,2006款 2.0L 自动 旗舰型,东风雪铁龙凯旋变速箱三挡锁死 空调不制热,"B20,H101,",2021-02-06,处理反馈
570757,猎豹汽车,猎豹CS10,2015款 2.0T 手动  风尚版,猎豹CS10车辆自燃要求立刻解决问题,"H40,",2021-02-06,信息审核
570756,东风雪铁龙,雪铁龙C4L,2014款 1.6THP 自动 车载互联劲智型,东风雪铁龙C4L节温器故障导致高温烧机油,"A63,A191,",2021-02-06,处理反馈
570755,一汽丰田,亚洲龙,2019款 2.0L 豪华版 国VI,一汽丰田亚洲龙经销商疑似出售问题车,"M284,",2021-02-06,信息审核
570754,广汽三菱,欧蓝德,2019款 2.4L 四驱 致享版 5座 国VI,广汽三菱欧蓝德发动机爆震 变速箱拖挡 ,"A18,B69,",2021-02-06,厂家受理
570753,广汽丰田,凯美瑞,2007款 240V 2.4 自动 NAVI 至尊导航版,广汽丰田凯美瑞仪表台开裂影响驾驶安全,"H176,",2021-02-06,信息审核
570750,奇瑞汽车,捷途X90,2019款 1.5T 自动 尊享型 6座 国V,捷途X90空调出风口调节拨片电镀层脱落,"H101,I294,",2021-02-06,处理反馈
570749,上汽大众,凌渡,2017款 230TSI DSG 风尚版,上汽大众凌渡变速箱机电控制单元故障,"B115,",2021-02-06,处理反馈
570748,东风日产,天籁,2019款 2.0L XL 舒适版,东风日产天籁钥匙失灵 悬挂异响 车机蓝屏,"G204,H134,H155,H119,",2021-02-06,处理反馈
570746,一汽-大众,探岳,2019款 330TSI 两驱 豪华型 国Ⅵ,一汽大众探岳车灯不亮 透镜裂痕 雨刮异响,"H82,H60,H220,",2021-02-06,处理反馈
570744,一汽-大众,迈腾GTE,2020款 GTE 豪华型,一汽大众迈腾GTE发动机和EPC故障报警,"A9,A34,H89,I295,J301,",2021-02-06,用户评分
570741,陕汽,德龙,M3000,陕汽德龙变速箱油封漏油厂家客服态度恶劣,"A12,I297,I293,",2021-02-06,信息审核
570740,上汽集团,名爵5,2021款 180DVVT CVT 青春豪华版,上汽名爵5车身胶条破损 音响喇叭卡顿,"H134,H168,",2021-02-06,处理反馈
570737,广汽本田,飞度,2014款 1.5L CVT LX舒适型,广汽本田飞度冷车启动异响希望处理,"A9,",2021-02-06,处理反馈
570722,一汽-大众捷达,捷达VS5,2019款 280TSI 自动 荣耀型,捷达VS5无法启动 仪表盘故障问题未解决,"A44,H202,I281,",2021-02-06,信息审核
570721,一汽-大众奥迪,奥迪Q5L,2020款 45 TFSI 尊享时尚型,一汽大众奥迪Q5L起步时变速箱异响,"B33,",2021-02-06,信息审核
570720,东风日产,天籁,2020款 2.0T XL Upper AD1 智享领航版,东风日产天籁变速箱顿挫 车门共振 油箱异响,"A9,A24,B19,H147,",2021-02-06,处理反馈
570715,广汽本田,飞度,2014款 1.5L CVT SE时尚型,广汽本田飞度发动机冷启动异响希望处理,"A9,",2021-02-06,处理反馈
570714,上汽大众,途观L,2019款 280TSI 自动 两驱 全景舒适版 国V,上汽大众途观L行驶过程中变速箱异响顿挫,"B33,B19,",2021-02-06,用户评分
570711,东风日产,天籁,2020款 2.0L XL Upper 智行版,东风日产天籁车载智联无法使用厂家不处理,"H155,M279,",2021-02-06,处理反馈
570709,上汽大众,途观L,2020款 330TSI 自动 两驱 全景舒适版 国VI,大众途观L经销商不给维修工单希望处理,"O353,",2021-02-06,处理反馈
570707,长安汽车,长安欧尚A600,2016款 1.5L 豪华型 7座,长安欧尚A600漆面起泡车身生锈严重,"H79,H81,",2021-02-06,处理反馈
570701,上汽通用别克,别克GL6,2018款 18T 精英型 6座,别克GL6行驶时发动机异响希望得到处理,"A9,",2021-02-06,处理反馈
570698,一汽红旗,红旗H5,2020款 1.5T DCT 旗韵版,红旗H5后备箱无故弹开影响安全,"H68,",2021-02-06,信息审核
570696,北汽新能源,EV系列,2016款 EV160 轻快版,北汽新能源EV电机冷却液过高无配件,"N318,",2021-02-06,处理反馈
570689,奇瑞汽车,瑞虎8,2018款 1.5TCI 自动 豪华型 5座,奇瑞瑞虎8变速箱顿挫 发动机抖动 大灯盲区,"A24,B19,G171,H82,",2021-02-05,处理反馈
570686,奔驰（进口）,奔驰S级,2020款 S 450 L 4MATIC 臻藏版,进口奔驰S级车机系统失灵 行车电脑报警,"H134,H155,H170,",2021-02-05,处理反馈
570680,长城汽车,哈弗H2,2017款 1.5T 手动 两驱舒适型 红标,哈弗H2行驶时变速箱失速无法加速,"A255,B334,",2021-02-05,厂家受理
570675,一汽-大众奥迪,奥迪A3,2020款 Limousine 35 TFSI 运动型 国VI,一汽大众奥迪A3事故喷漆后发现大灯有裂痕,"H220,J300,",2021-02-05,信息审核
570672,广汽本田,雅阁,2018款 260TURBO 豪华版 国V,广汽本田雅阁刹车盘变形 高速刹车抖动,"E111,E239,",2021-02-05,处理反馈
570671,上汽大众,途观L,2019款 330TSI 自动 两驱 全景舒适版 国V,上汽大众途观L车身镀铬装饰条生锈严重,"H79,",2021-02-05,处理反馈
570670,奇瑞汽车,瑞虎5,2016款 2.0L CVT 家悦版,奇瑞瑞虎5行驶时后车轮连杆断裂,"G204,",2021-02-05,处理反馈
570669,东风日产,逍客,2019款 2.0L CVT 智享版,东风日产逍客经销商加装电动门欺骗销售,"M279,",2021-02-05,用户评分
570668,一汽-大众,探岳,2019款 330TSI 两驱 尊贵型 国Ⅵ,一汽大众探岳大灯不亮且内部有杂质,"H82,",2021-02-05,处理反馈
570663,一汽-大众,迈腾,2017款 330TSI DSG 豪华型,一汽大众迈腾变速箱机电控制单元故障,"B115,",2021-02-05,处理反馈
570660,上汽大众,凌渡,2015款 330TSI DSG 豪华版,上汽大众凌渡变速箱机电单元故障 车内异味,"B115,H185,",2021-02-05,用户评分
570658,江西五十铃,瑞迈,2020款 2.8T 经典 四驱 柴油 国VI 舒适型 加长版 JE493ZLQ6E,五十铃瑞迈刹车泵故障异响 发动机漏水,"A37,E43,E269,J298,",2021-02-05,信息审核
570657,广汽丰田,凯美瑞,2016款 2.0G 自动 十周年纪念领先版,广汽丰田凯美瑞前半轴防尘套出现漏油,"G161,",2021-02-05,信息审核
570656,一汽-大众,探岳,2019款 330TSI 四驱 豪华型 国Ⅵ,一汽大众探岳主驾驶座椅异响4S店未解决,"H169,J298,",2021-02-05,处理反馈
570653,领克,领克05,2020款 2.0TD 两驱 耀Halo,领克05车机高德地图已绑定他人微信,"I294,P327,",2021-02-05,信息审核
570652,广汽丰田,凯美瑞,2018款 2.5G 自动 豪华版,广汽丰田凯美瑞轮胎吃胎偏磨严重,"G245,",2021-02-05,信息审核
570651,奇瑞汽车,瑞虎8,2020款 290TGDI 自动 豪华版,奇瑞瑞虎8经销商置换补贴未兑现,"I281,L313,",2021-02-05,厂家受理
570650,一汽-大众,捷达,2010款 1.6 手动 前卫型,一汽大众捷达车身生锈要求给予解决,"H79,",2021-02-05,处理反馈
570649,长安福特,翼虎,2018款 EcoBoost 180 两驱 铂翼型,长安福特翼虎发动机无法启动 漏防冻液,"A44,A37,",2021-02-05,用户评分
570648,奇瑞汽车,艾瑞泽7,2016款 1.6L CVT 致享版,奇瑞艾瑞泽7发动机油底壳漏油4S店不予索赔,"A12,I297,",2021-02-05,处理反馈
570646,江淮汽车,嘉悦A5,2020款 1.5T CVT 精英型,江淮嘉悦A5怠速不稳熄火希望处理,"A14,A35,",2021-02-05,用户评分
570645,东风雪铁龙,世嘉,2016款 1.6L 自动 品尚型 经典,东风雪铁龙世嘉变速箱电磁阀故障,"B84,",2021-02-05,处理反馈
570638,奇瑞汽车,艾瑞泽5,2016款 1.5L 手动 领臻版,奇瑞艾瑞泽5安全气囊故障灯常亮,"H103,",2021-02-05,处理反馈
570637,东风日产,轩逸,2021款 1.6L XL CVT 悦享版,东风日产轩逸经销商故意拖延 收取服务费,"I282,K307,",2021-02-05,处理反馈
570636,一汽-大众奥迪,奥迪A4L,2017款 quattro 2.0T 双离合 风尚型,一汽大众奥迪A4L天窗漏水希望处理,"H90,",2021-02-05,信息审核
570635,上汽通用别克,君威,2019款 20T 精英型 国VI,别克君威减震器失效弹簧变形希望处理,"G204,G25,",2021-02-05,信息审核
570633,长安福特,锐界,2018款 EcoBoost 245 两驱 铂锐型 7座 国V,长安福特锐界发动机渗油希望处理,"A12,",2021-02-05,处理反馈
570631,BEIJING汽车,BEIJING-EX3,2019款 R600 劲尚版,BEIJING-EX3续航里程不足希望处理,"H343,",2021-02-05,处理反馈
570630,奇瑞汽车,艾瑞泽5,2017款 1.5L 手动 领潮版,奇瑞艾瑞泽5发电机皮带开裂希望处理,"A222,",2021-02-05,处理反馈
570628,东风乘用车,奕炫,2020款 230T 自动 炫酷版,东风风神奕炫悬挂异响 行驶跑偏,"G56,G117,",2021-02-05,厂家受理
570626,广汽丰田,凯美瑞,2015款 2.0G 自动 领先版,广汽丰田凯美瑞主驾驶座椅靠背调节异响,"H169,",2021-02-05,信息审核
570624,上汽大众,Polo,2014款 1.4L 手动 风尚版,上汽大众Polo 4S店虚报维修价格 服务态度差,"I293,K307,",2021-02-05,处理反馈
570623,上汽大众,凌渡,2021款 230TSI DSG 风尚版,上汽大众凌渡行驶时发动机异响严重,"A9,",2021-02-05,处理反馈
570621,奇瑞汽车,瑞虎8,2019款 1.6TGDI 自动 豪华型,奇瑞瑞虎8无法启动需要换电器盒总成,"H110,",2021-02-05,处理反馈
570617,东风日产,劲客,2017款 1.5L CVT 酷享版,东风日产劲客方向盘转向出现异响,"D59,",2021-02-05,处理反馈
570615,广汽本田,雅阁,2021款 260TURBO 豪华·星空限量版,广汽本田雅阁限量版车标颜色宣传不符,"M279,",2021-02-05,用户评分
570614,奇瑞汽车,瑞虎8 PLUS,2021款 290TGDI DCT 豪耀版,奇瑞瑞虎8 PLUS更换凸轮轴电磁阀无法解决,"A34,",2021-02-05,处理反馈
570612,广汽丰田,YARiS L 致享,2019款 1.5E CVT魅动版 国VI,广汽丰田致享方向盘不回正希望处理,"D154,",2021-02-05,信息审核
570611,一汽-大众奥迪,奥迪A4L,2020款 40 TFSI 时尚动感型,一汽大众奥迪A4L中控显示屏死机黑屏,"H134,",2021-02-05,信息审核
570610,广汽丰田,雷凌,2021款 双擎 1.8H E-CVT 豪华版,广汽丰田雷凌机油增多乳化天窗中控屏异响,"A339,A13,H134,H89,I294,",2021-02-05,信息审核
570602,广汽丰田,雷凌,2021款 双擎 1.8H E-CVT 豪华版,广汽丰田雷凌不平路面行驶时天窗异响,"H89,",2021-02-05,信息审核
570601,东风日产,轩逸,2020款 1.6L XL CVT 悦享版,东风日产轩逸方向盘异响 中控黑屏 影像蓝屏,"D59,G52,H134,H72,H93,",2021-02-05,处理反馈
570598,东风日产,逍客,2017款 2.0L CVT 智享版 国VI,东风日产逍客发动机故障灯亮 无法加速,"A34,B334,",2021-02-05,处理反馈
570597,奇瑞汽车,瑞虎8,2020款 1.5TCI 自动 特供版 5座,奇瑞瑞虎8中控异响 方向盘共振左轻右重,"D80,D156,H93,",2021-02-05,处理反馈
570595,上汽大众,辉昂,2019款 380TSI 两驱 商务版 国V,大众辉昂行驶时变速箱顿挫异响 发动机抖动,"A24,B33,B19,",2021-02-05,处理反馈
570593,广汽本田,飞度,2014款 1.5L CVT LX舒适型,广汽本田飞度启动机故障导致启动困难,"A44,",2021-02-05,用户评分
570590,奇瑞汽车,奇瑞E5,2011款 1.5 手动 优悦型 E5,奇瑞E5漆面掉漆供油不足导致无法加速,"A255,H81,H78,",2021-02-05,处理反馈
570586,一汽-大众,探岳,2019款 征途版 280TSI 两驱 豪华型 国Ⅵ,一汽大众探岳大灯水雾影响行车安全,"H82,",2021-02-05,处理反馈
570584,一汽-大众,迈腾,2018款 330TSI DSG 豪华型,一汽大众迈腾变速箱无奇数挡仪表盘故障报警,"B20,B96,",2021-02-05,处理反馈
570583,上汽大众,桑塔纳,2019款 1.5L 手动 风尚版 国VI,上汽大众桑塔纳副驾驶侧车门漆面龟裂,"H81,",2021-02-05,信息审核
570582,东风日产,天籁,2021款 2.0L XL 舒适版,东风日产天籁行驶过程中车门有异响,"H72,",2021-02-05,处理反馈
570580,一汽-大众,高尔夫,2021款 280TSI DSG R-Line,一汽大众高尔夫螺丝孔有瑕疵无法安装车牌,"N317,",2021-02-05,处理反馈
570578,一汽丰田,锐志,2007款 2.5V 导航版 新锐志REIZ,一汽丰田锐志中控仪表台开裂老化,"H176,",2021-02-05,信息审核
570576,一汽-大众,高尔夫,2017款 1.6L 自动 舒适百万辆纪念版,一汽大众高尔夫加满油低速踩刹车油箱异响,"H147,",2021-02-05,处理反馈
570575,长安福特,锐际,2020款 EcoBoost 245 四驱 纵享款 ST-LINE,长安福特锐际经销商喷漆色差明显,"J300,",2021-02-05,用户评分
570571,江铃汽车,驭胜S350,2016款 2.4T 自动 两驱 柴油 豪华版 5座,江铃驭胜S350变速箱换挡时有异响,"B33,",2021-02-05,信息审核
570569,一汽奔腾,奔腾T77,2020款 PRO 280 TID 自动 尊享型,一汽奔腾T77电瓶亏电导致无法启动,"H146,",2021-02-05,处理反馈
570568,东风雪铁龙,雪铁龙C3-XR,2015款 1.6THP 自动 先锋型 5座,东风雪铁龙C3-XR发动机严重烧机油,"A63,",2021-02-05,用户评分
570563,长安福特,翼虎,2018款 EcoBoost 180 两驱 豪翼型,长安福特翼虎防冻液异常消耗希望处理,"A191,",2021-02-05,处理反馈
570560,上汽大众,桑塔纳,2021款 1.5L 手动 风尚版,上汽大众桑塔纳购车后不给保养手册,"O353,",2021-02-05,处理反馈
570558,一汽-大众,宝来,2019款 改款 1.5L 自动 舒适型 国VI,一汽大众宝来倒车时踩刹车严重异响,"E43,",2021-02-05,处理反馈
570557,东风日产,轩逸,2020款 改款 1.6L XL CVT 悦享版,东风日产轩逸变速箱失速 方向盘故障灯亮,"A14,B334,D156,",2021-02-05,用户评分
570556,江汽集团,思皓X8,2021款 300T DCT 全景豪华版 6座,江淮思皓X8购车时置换补贴未兑现,"L313,",2021-02-05,处理反馈
570555,上汽通用五菱,宝骏310W,2017款 1.5L 手动 时尚型 国VI,宝骏310W行驶时出现交通事故气囊未弹开,"H55,",2021-02-05,处理反馈
570554,广汽乘用车,传祺GS3,2017款 150N 自动 精英版,广汽传祺GS3爆震传感器故障发动机故障灯亮,"A34,H234,",2021-02-05,信息审核
570553,广汽三菱,欧蓝德,2020款 2.0L 两驱 畅享版 5座,广汽三菱欧蓝德4S店销售维修过的问题车,"M284,",2021-02-05,厂家受理
570546,吉利汽车,吉利ICON,2020款 1.5TD i9,吉利ICON销售人员赠送车膜质量太差,"K307,N317,",2021-02-05,处理反馈
570545,BEIJING汽车,绅宝X35,2016款 1.5L 自动 精英版,北汽绅宝X35车辆登记证书缺失无法解压,"O353,",2021-02-05,处理反馈
570544,上汽大众斯柯达,柯迪亚克,2018款 TSI330 两驱 豪华优享版 7座 改款,斯柯达柯迪亚克刹车系统存在异响现象,"E43,",2021-02-05,处理反馈
570543,东风悦达起亚,智跑,2019款 2.0L 自动 智享豪华版,东风悦达起亚智跑锦湖轮胎脱皮4S店不予处理,"F186,I295,",2021-02-05,处理反馈
570541,华晨宝马,宝马1系,2021款 125i M运动曜夜版,华晨宝马1系车联网APP数据无法更新,"H155,I293,",2021-02-05,处理反馈
570534,长安福特,锐际,2020款 EcoBoost 245 四驱 嘉享款,长安福特锐际发动机舱内有异响要求处理,"A9,",2021-02-05,用户评分
570529,广汽本田,皓影,2020款 240TURBO CVT 两驱 豪华版,广汽本田皓影油管损坏需要更换油箱,"Q322,",2021-02-05,处理反馈
570525,北京现代,领动,2016款 1.6L 自动 智炫·精英型,北京现代领动跑高低速时岀现方向卡滞,"D123,",2021-02-05,信息审核
570523,东风日产,劲客,2021款 1.5L XE 手动 酷动版,东风日产劲客加速时发动机舱异响,"A9,",2021-02-05,用户评分
570521,东风本田,本田CR-V,2021款 240TURBO CVT 四驱 豪华版,东风本田CR-V按装行车记录仪与承诺不符,"L313,",2021-02-05,处理反馈
570517,奔驰（进口）,奔驰E级（进口）,2018款 E 200 敞篷轿跑车,进口奔驰E级尾灯开裂 变速箱跳挡,"B27,H134,H170,H220,",2021-02-05,处理反馈
570514,上汽通用五菱,五菱宏光,2019款 1.5L S 基本型 L2B,上汽通用五菱宏光中控系统是非原厂配件,"N319,",2021-02-05,处理反馈
570512,广汽乘用车,传祺GA6,2016款 235T DCT 豪华版,广汽传祺GA6低速行驶变速箱换挡顿挫,"B33,B19,B334,",2021-02-05,处理反馈
570511,东风雪铁龙,雪铁龙C6,2017款 380THP 尊贵型,东风雪铁龙C6测距雷达故障 店方要收费调试,"K307,",2021-02-05,处理反馈
570510,一汽-大众,探岳,2019款 330TSI 两驱 豪华型 国V,一汽大众探岳出现防冻液消耗过快,"A191,",2021-02-05,处理反馈
570507,众泰汽车,众泰Z500,2015款 1.5T 手动 尊贵型,众泰Z500质保期内厂家无配件索赔,"N318,",2021-02-05,信息审核
570505,上汽大众,朗行,2013款 1.4TSI 自动 豪华型,上汽大众朗行车内异味严重影响身体健康,"H185,",2021-02-05,处理反馈
570504,东风雪铁龙,雪铁龙C4L,2013款 1.6THP 自动 劲智版,东风雪铁龙C4L清洗积炭后出现节气门故障,"J300,J299,J304,",2021-02-05,处理反馈
570503,吉利汽车,缤越,2020款 PRO 260T DCT 骑士,吉利缤越转速1300-1800转区间方向盘振动,"D80,",2021-02-05,处理反馈
570502,一汽-大众,探岳,2019款 330TSI 两驱 豪华型 国V,一汽大众探岳变速箱拖挡导致车身抖动,"B69,",2021-02-05,处理反馈
570500,一汽-大众,C-TREK蔚领,2017款 1.6L 自动 舒适型,一汽大众蔚领天窗严重漏水造成内饰有水渍,"H90,",2021-02-05,处理反馈
570499,东风标致,标致308,2014款 乐享版 经典 1.6L 手动 优尚型,东风标致308油泵变形导致油表显示不准确,"H78,H271,",2021-02-05,处理反馈
570496,一汽丰田,RAV4荣放,2020款 2.5L CVT 两驱 精英版 双擎,一汽丰田RAV4荣放空调出风口经常异响,"H101,",2021-02-05,信息审核
570494,东风风行,景逸X5,2017款 1.5T CVT 智联型 劲享系列,东风风行景逸X5发动机漏油 变速箱异响,"A12,B33,H21,",2021-02-05,用户评分
570489,一汽-大众,迈腾,2019款 330TSI DSG 领先型 国VI,一汽大众迈腾变速箱异响顿挫存在质量问题,"A9,B33,B19,",2021-02-05,处理反馈
570483,上汽大众,凌渡,2021款 280TSI DSG 舒适版,上汽大众凌渡厂家置换补贴承诺4S店不兑现,"L313,",2021-02-05,处理反馈
570481,奇瑞汽车,艾瑞泽5,2020款 1.5L CVT 运动版,奇瑞艾瑞泽5无操作情况下发动机自行启动,"H49,",2021-02-05,处理反馈
570479,一汽-大众,探岳,2020款 330TSI 两驱 豪华智联版,一汽大众探岳右大灯透镜发白越来越严重,"H82,",2021-02-05,处理反馈
570478,观致汽车,观致7,2020款 1.8T 巡航豪华型,观致7变速箱故障 自动驻车故障  刹车异响,"B96,E43,O326,",2021-02-05,信息审核
570476,一汽丰田,RAV4荣放,2020款 2.0L CVT 两驱 风尚版,一汽丰田RAV4荣放车窗玻璃共振 中控异响,"H72,H268,H93,",2021-02-05,信息审核
570474,长安福特,锐界,2020款 EcoBoost 245 两驱 豪锐型 7座,福特锐界行驶时加速油门异响 汽油箱异响,"B33,H147,",2021-02-05,处理反馈
570473,长安福特,翼搏,2013款 1.5 自动 尊贵型,长安福特翼搏变速箱拨叉存在设计缺陷,"B77,Q322,",2021-02-05,用户评分
570468,东风本田,本田CR-V,2021款 锐·混动 2.0L 两驱 净行版,东风本田CR-V颠簸路行驶汽油箱和后备箱异响,"H68,H147,",2021-02-05,处理反馈
570464,特斯拉中国,Model Y,2021款 长续航 全轮驱动版,特斯拉Model Y空调不制热 充电时自动断电,"H101,H340,",2021-02-05,信息审核
570462,上汽大众,凌渡,2019款 280TSI DSG 舒适版 国V,上汽大众凌渡刹车时有异响4S店否认质量问题,"E43,",2021-02-05,处理反馈
570461,东风标致,标致408,2014款 1.8L 自动 豪华版,标致408油箱阀密封不严导致汽油回流,"H271,",2021-02-05,用户评分
570459,北京汽车,威旺S50,2016款 1.5T 手动 乐动豪华型,北汽威旺S50车辆停放时发生自燃厂家不处理,"H40,",2021-02-05,处理反馈
570458,一汽-大众,迈腾,2020款 330TSI DSG 领先型,一汽大众迈腾飞轮故障导致变速箱异响,"B33,",2021-02-05,处理反馈
570455,BEIJING汽车,BEIJING-X7,2020款 1.5TD DCT 致领版,BEIJING-X7发动机曲轴前油封处有漏油的现象,"A12,",2021-02-05,处理反馈
570453,东风本田,本田CR-V,2017款 240TURBO 自动 四驱 尊耀版,东风本田CR-V抬头显示盖板不回位厂家不保修,"H134,",2021-02-05,处理反馈
570452,吉利汽车,帝豪GL,2018款 1.4T 自动 尊贵智联型,吉利帝豪GL变速箱异响抖动车身异响,"A9,B33,B95,H15,",2021-02-05,用户评分
570446,吉利新能源,星越新能源,2019款 400T 驭星者 纯电动续航80KM,吉利星越新能源辅助驾驶故障 发动机抖动,"A24,H185,H101,H170,",2021-02-05,处理反馈
570445,奇瑞新能源,瑞虎3xe,2018款 480 畅优版,奇瑞瑞虎3xe电瓶进水 空调漏水 厂家不保修,"H101,H146,I297,",2021-02-05,厂家受理
570441,一汽-大众奥迪,奥迪A6L,2016款 TFSI 双离合 技术型,奥迪A6L节温器故障导致漏防冻液,"A37,H234,",2021-02-05,信息审核
570439,奇瑞汽车,捷途X70 PLUS,2021款 1.6T DCT 地 5座,捷途X70 PLUS车门警示灯不亮 前大灯不亮,"H82,",2021-02-04,处理反馈
570438,奇瑞新能源,瑞虎e,2021款 虎啸版,奇瑞瑞虎e行驶时经常出现动力切断故障,"H343,",2021-02-04,信息审核
570436,广汽本田,缤智,2015款 1.5L CVT 两驱舒适型,广汽本田缤智冷启动发动机VTC作用器异响,"A9,",2021-02-04,处理反馈
570435,东风日产,骐达TIIDA,2011款 1.6 CVT 智能版 新骐达,东风日产骐达TIIDA变速箱换挡顿挫,"B19,",2021-02-04,处理反馈
570434,广汽丰田,凯美瑞,2007款 240G 豪华版,广汽丰田凯美瑞仪表台老化粘手异味严重,"H176,H164,",2021-02-04,信息审核
570432,上汽大众,途观L,2020款 330TSI 自动 两驱 全景舒适版 国VI,上汽大众途观L发动机起停失灵 油耗增加,"A85,H263,",2021-02-04,用户评分
570430,东风日产,阳光,2016款 1.5XE 手动 领先版,东风日产阳光变速器异响 油表显示不准确,"B33,H202,",2021-02-04,用户评分
570428,东风雪铁龙,雪铁龙C4L,2013款 1.8L 自动 劲智版,东风雪铁龙C4L方向机转向异响要求解决,"D59,D265,",2021-02-04,用户评分
570426,雷克萨斯,雷克萨斯LS,2006款 460L  自动  尊贵版,雷克萨斯LS中控仪表台开裂发粘有异味	,"H176,",2021-02-04,厂家受理
570425,东风日产,天籁,2020款 2.0L XL 舒适版,东风日产天籁加满油后刹车时汽油箱异响,"H147,",2021-02-04,用户评分
570424,吉利汽车,缤越,2020款 PRO 240T DCT 猎手,吉利缤越刹车时有异响4S店不予解决,"E43,",2021-02-04,处理反馈
570423,吉利汽车,嘉际,2019款 1.5TD MHEV DCT 臻享型,吉利嘉际购车旅游基金承诺一直没有兑现,"L313,",2021-02-04,用户评分
570422,奔驰（进口）,奔驰GLE,2018款 GLE 320 4MATIC 动感型 臻藏版,进口奔驰GLE转向系统故障 中控屏黑屏,"A14,A44,D291,H134,H211,",2021-02-04,处理反馈
570419,BEIJING汽车,绅宝D50,2018款 1.5L CVT 尊享智联版,绅宝D50电子驻车系统故障报警4S店不予保修,"E62,E159,I297,",2021-02-04,用户评分
570417,一汽-大众奥迪,奥迪Q5,2015款 40 TFSI 舒适型 5座,一汽大众奥迪Q5发动机漏油烧机油 漏冷却液,"A12,A63,A37,",2021-02-04,处理反馈
570415,奇瑞汽车,捷途X70S,2019款 1.5T DCT 坦途版 5座,捷途X70S发动机故障 功率不足 剧烈抖动,"A24,A163,",2021-02-04,处理反馈
570414,江铃福特,领界,2019款 EcoBoost 145 CVT 精领型 国VI,江铃福特领界变速箱漏油维修多次无法解决,"B22,J298,",2021-02-04,用户评分
570412,长安马自达,马自达3 昂克赛拉,2016款 1.5L 手动 豪华型 三厢,长安马自达昂克赛拉刹车异响 减震器异响,"E43,G52,",2021-02-04,处理反馈
570411,东风本田,本田CR-V,2019款 240TURBO CVT 两驱 舒适版 国V,东风本田CR-V事故维修垫付款售后未退还,"L314,",2021-02-04,处理反馈
570410,广汽丰田,雷凌,2021款 185T CVT 豪华版,广汽丰田雷凌低速行驶时变速箱顿挫,"B19,",2021-02-04,信息审核
570406,华晨宝马,宝马1系,2020款 120i M运动套装,华晨宝马1系刹车抱死希望厂家质保,"E29,",2021-02-04,处理反馈
570405,比亚迪,比亚迪F0,2010款 尚酷爱国版 1.0 手动 悦酷型,比亚迪F0车身侧裙和底盘出现生锈现象,"H79,",2021-02-04,用户评分
570401,上汽大众,桑塔纳,2016款 1.6L 手动 风尚版 三厢,上汽大众桑塔纳发动机启动困难故障灯亮,"A34,A44,",2021-02-04,处理反馈
570400,一汽-大众,宝来,2019款 宝来·传奇 1.5L 手动 时尚型 国VI,一汽大众宝来胎压监测报警维修多次未解决,"H203,",2021-02-04,处理反馈
570397,江西五十铃,瑞迈,2020款 2.8T 经典 四驱 柴油 国VI 舒适型 加长版 JE493ZLQ6E,五十铃瑞迈刹车异响 反复维修未解决,"E43,E333,",2021-02-04,信息审核
570393,东风标致,标致408,2014款 1.8L 自动 豪华版,标致408发动机严重烧机油 后桥异响,"A63,G158,",2021-02-04,处理反馈
570392,奇瑞汽车,瑞虎8 PLUS,2021款 290TGDI DCT 豪享版,奇瑞瑞虎8 PLUS刹车异响后备箱无故弹起,"E43,H68,",2021-02-04,处理反馈
570391,东风标致,标致408,2014款 1.8L 自动 豪华版,东风标致408发动机烧机油故障灯亮,"A34,A63,",2021-02-04,用户评分
570387,上汽大众,凌渡,2019款 280TSI DSG 舒适版 国VI,上汽大众凌渡天窗异响售后没有解决问题,"H89,",2021-02-04,处理反馈
570386,东风英菲尼迪,英菲尼迪Q50L,2015款 2.0T 自动 悦享版,英菲尼迪Q50L车内异味希望厂家处理,"H185,H90,",2021-02-04,信息审核
570378,一汽-大众,探岳,2020款 330TSI 两驱 豪华智联版,大众探岳变速箱脱挡共振 反光镜异响,"B246,B208,H211,",2021-02-04,处理反馈
570374,一汽-大众,高尔夫,2017款 230TSI 自动 舒适百万辆纪念版,一汽大众高尔夫变速箱换挡机构故障,"B96,B77,B184,",2021-02-04,处理反馈
570373,一汽-大众,速腾,2019款 280TSI DSG 豪华型 国V,一汽大众速腾高压油泵异响更换配件未解决,"A9,H78,",2021-02-04,处理反馈
570369,东风标致,标致508,2021款 508L 400THP PureTech 驾控版,东风标致508发动机无法启动而且故障灯亮,"A9,A34,A44,",2021-02-04,用户评分
570366,吉利汽车,帝豪GL,2018款 1.4T 自动 精英智联型,吉利帝豪GL变速箱过热失速而且有异响,"B33,B96,B246,",2021-02-04,处理反馈
570365,北京现代,胜达,2013款 2.4L 自动 两驱 智能型 GLS,北京现代胜达4S店喷漆有划痕保险杠缝隙大,"H209,J303,",2021-02-04,处理反馈
570363,一汽-大众奥迪,奥迪Q5L,2020款 40 TFSI 荣享时尚型,一汽大众奥迪Q5L多个故障灯同时报警希望处理,"H110,",2021-02-04,信息审核
570362,领克,领克03,2020款 2.0TD 自动 劲Pro版,领克03事故维修后座椅挤压起皱服务差,"H169,I293,J299,",2021-02-04,处理反馈
570360,云度新能源,云度π1,2020款 Pro 远行版 乐派型,云度π1仪表台异响方向盘异响电池充电缓慢,"D59,H185,H93,H343,",2021-02-04,信息审核
570359,BEIJING汽车,智行,2018款 1.5T CVT 新智版 国V,BEIJING汽车智行玻璃升降器有故障,"H67,N318,",2021-02-04,处理反馈
570358,上汽大众,凌渡,2015款 280TSI 手动 舒适版,上汽大众凌渡车内异味要求给予解决,"H185,",2021-02-04,用户评分
570356,奇瑞捷豹路虎,捷豹XEL,2019款 2.0T 200PS 尊享版,奇瑞捷豹路虎XEL发动机熄火 发动机漏油,"A12,A14,",2021-02-04,处理反馈
570355,长安福特,锐界,2020款 EcoBoost 245 两驱 豪锐型 7座,长安福特锐界电瓶亏电导致无法启动,"H146,",2021-02-04,处理反馈
570352,华晨中华,中华V7,2019款 运动款 280T 自动 豪华型,华晨中华V7发动机故障灯亮 4S店不予索赔,"A24,A34,I297,",2021-02-04,信息审核
570351,一汽-大众,迈腾,2017款 330TSI DSG 豪华型,一汽大众迈腾遥控钥匙漏电希望解决,"H119,",2021-02-04,处理反馈
570350,上汽通用五菱,五菱宏光,2016款 1.5L 尊享型 S1 国V,上汽通用五菱宏光前轮吃胎偏磨严重,"G245,",2021-02-04,处理反馈
570347,北汽新能源,北汽新能源EC5,2019款 新风版,北汽新能源EC5续航里程不足希望处理,"H344,M283,",2021-02-04,处理反馈
570346,BEIJING汽车,BEIJING-EU5,2018款 R550 智领版,BEIJING-EU5新车车身顶部A柱大面积喷漆,"M284,",2021-02-04,处理反馈
570345,北京奔驰,奔驰E级,2019款 E 300L 运动豪华型,北京奔驰E级方向机异响厂家拒绝更换,"D59,D265,",2021-02-04,处理反馈
570344,广汽本田,广汽本田VE-1,2020款 舒适版,广汽本田VE-1续航里程不足要求尽快处理,"H344,",2021-02-04,处理反馈
570343,斯巴鲁,森林人,2016款 2.0i 时尚导航版,斯巴鲁森林人方向机异响 三角臂故障,"D59,G210,",2021-02-04,信息审核
570342,长安福特,锐界,2015款 2.7T GTDi 四驱 运动型,长安福特锐界塑料油底壳出现漏油,"A12,",2021-02-04,处理反馈
570341,东风本田,哥瑞,2016款 1.5L CVT 舒适版,东风本田哥瑞冷车启动异响存在质量问题,"A9,",2021-02-04,用户评分
570339,一汽-大众,速腾,2018款 280TSI DSG熠动版,一汽大众速腾高压泵异响厂家不予解决,"A9,I295,",2021-02-04,处理反馈
570338,一汽-大众,速腾,2018款 280TSI DSG熠动版,一汽大众速腾颠簸路面行驶时底盘异响,"G56,",2021-02-04,处理反馈
570337,一汽奔腾,奔腾B30,2017款 1.6L 手动 舒适型,一汽奔腾B30轮毂掉漆厂家未索赔,"H243,",2021-02-04,处理反馈
570336,上汽通用五菱,五菱宏光,2016款 1.5L 尊享型 S1 国V,上汽通用五菱宏光挂三挡打齿驻车时无法挂入,"B33,B20,",2021-02-04,处理反馈
570335,一汽-大众,探岳,2019款 330TSI 两驱 豪华型Plus 国VI,一汽大众探岳变速箱拖挡导致车身共振抖动,"B69,",2021-02-04,处理反馈
570332,一汽丰田,锐志,2007款 2.5S 天窗版 锐志 REIZ,一汽丰田锐志仪表台开裂 影响气囊弹出,"H176,",2021-02-04,信息审核
570331,上汽大众,途昂X,2020款 380TSI 四驱 豪华版,上汽大众途昂X前悬挂异响经销商无配件,"G204,N318,",2021-02-04,处理反馈
570327,海马汽车,海马M3,2013款 1.5L 手动 精英型,海马M3安全气囊故障灯亮一直未解决,"H103,",2021-02-04,厂家受理
570325,奇瑞汽车,瑞虎5x,2017款 1.5T 自动 精英型,奇瑞瑞虎5x发动机实际油耗高希望解决,"A85,",2021-02-04,处理反馈
570324,上汽大众,途观L,2020款 330TSI 自动 两驱 智动豪华版 国VI,上汽大众途观L事故维修后启停失灵油耗高,"A85,H263,J300,",2021-02-04,处理反馈
570321,东风悦达起亚,赛拉图,2012款 1.6L 手动 GL,东风悦达起亚赛拉图变速箱异响严重,"B33,",2021-02-04,处理反馈
570319,一汽-大众,T-ROC探歌,2020款 280TSI DSG 两驱 舒适型,一汽大众探歌新车油耗高希望厂家处理,"A85,",2021-02-04,处理反馈
570316,长城汽车,WEY P8,2018款 2.0T 旗舰型,WEY P8混合动力功能受限行驶时动力消失,"A255,A346,",2021-02-04,处理反馈
570312,长安福特,锐际,2020款 EcoBoost 245 两驱 耀享款,长安福特锐际新车发动机怠速抖动,"A24,",2021-02-04,用户评分
570311,奇瑞汽车,艾瑞泽5,2017款 1.5L CVT 尊贵版,奇瑞艾瑞泽5车门生锈维修后再次生锈,"H79,",2021-02-04,处理反馈
570309,奇瑞新能源,奇瑞QQ3EV,2014款 EV 运动版,奇瑞QQ3EV动力电池严重衰减厂家不予解决,"H343,I295,",2021-02-04,信息审核
570303,一汽-大众奥迪,奥迪Q5L,2020款 改款 40 TFSI 荣享时尚型,一汽大众奥迪Q5L发动机和变速箱连接处渗油,"A12,B22,H93,",2021-02-04,信息审核
570297,广汽本田,飞度,2016款 1.5L LX CVT 舒适型,广汽本田飞度冷车启动异响希望尽快处理,"A9,",2021-02-04,处理反馈
570296,长安福特,锐界,2018款 EcoBoost 245 两驱 豪锐型 7座 国V,长安福特锐界发动机漏机油希望尽快处理,"A12,",2021-02-04,处理反馈
570295,长城汽车,炮,2019款 2.0T 商用版 手动 两驱 精英型 长箱 GW4D20M 柴油,长城炮发动机故障灯报警 无法启动,"A34,A44,",2021-02-04,处理反馈
570293,一汽-大众,宝来,2017款 230TSI DSG 舒适型,一汽大众宝来挂挡后无法行驶 发动机抖动,"A24,B334,",2021-02-04,处理反馈
570291,一汽红旗,红旗H5,2020款 1.8T 自动 智联旗韵版,红旗H5后备箱自动开启 车窗自动下降,"H67,H68,",2021-02-04,信息审核
570290,一汽丰田,卡罗拉,2017款 1.2T S-CVT GL 改款,一汽丰田卡罗拉门窗异响售后未解决问题,"H72,",2021-02-04,信息审核
570289,广汽三菱,欧蓝德,2018款 2.4L 四驱 精英版 5座,广汽三菱欧蓝德发动机抖动 后排座椅共振,"A24,H268,",2021-02-04,厂家受理
570286,众泰汽车,江南T11,2015款 舒适型,江南T11行驶中变速箱异响无人处理,"B33,",2021-02-04,信息审核
570281,长安福特,蒙迪欧,2013款 1.5T 自动 GTDi180时尚型,长安福特蒙迪欧行驶中发动机失去动力,"A255,",2021-02-04,处理反馈
570280,东风标致,标致5008,2017款 380THP 精英版 7座,东风标致5008发动机烧机油 转向异响,"A63,D59,G52,",2021-02-04,处理反馈
570278,长安汽车,长安欧尚X7,2021款 1.5T 自动 豪华型,长安欧尚X7后备箱车灯不亮希望尽快处理,"H82,",2021-02-04,用户评分
570277,东风本田,本田UR-V,2017款 370TURBO 两驱 尊贵版 国V,东风本田UR-V转向拉杆断裂更换后再次断裂,"H168,",2021-02-04,处理反馈
570275,东风日产,轩逸,2020款 1.6L XL CVT 悦享版,东风日产轩逸变速箱不换挡要求尽快解决,"B20,",2021-02-04,处理反馈
570271,一汽-大众奥迪,奥迪Q5L,2020款 45 TFSI 尊享运动型,奥迪Q5L发动机抖动 变速箱顿挫异响,"A24,B33,B19,",2021-02-04,信息审核
570269,奇瑞新能源,小蚂蚁,2021款 15万蚁粉款 蚁潮版,奇瑞小蚂蚁高压绝缘故障动力电池断电,"H343,",2021-02-04,厂家受理
570268,吉利汽车,缤越,2019款 260T DCT 骑士 国V,吉利缤越厂家未履行车机系统更新承诺,"L314,",2021-02-04,处理反馈
570265,一汽丰田,RAV4荣放,2020款 2.0L CVT 两驱 风尚PLUS版,一汽丰田RAV4荣放颠簸路面前车窗玻璃异响,"H72,",2021-02-04,信息审核
570263,上汽通用五菱,五菱宏光,2019款 1.5L S 基本型 L2B,上汽通用五菱宏光经销商出售库存车,"M283,",2021-02-04,用户评分
570261,长安汽车,长安CS55,2017款 1.5T 手动 炫动型,长安CS55一挡起步时车身抖动严重,"C87,",2021-02-04,用户评分
570259,东风日产,逍客,2016款 2.0L CVT 精英版,东风日产逍客低速行驶变速箱顿挫,"B19,",2021-02-04,处理反馈
570257,东风雪铁龙,天逸 C5 AIRCROSS新能源,2020款 1.6T 四驱 插混尊享型,雪铁龙天逸C5 AIRCROSS新能源中控屏缝隙大,"H209,",2021-02-04,信息审核
570256,北汽新能源,EV系列,2014款 E150 EV 科技版,北汽新能源EV动力丢失  厂家拒绝保修,"A341,I297,",2021-02-04,处理反馈
570254,一汽-大众,探岳,2020款 330TSI 两驱 豪华智联版,一汽大众探岳1000-1200转时发动机抖动,"A24,",2021-02-04,用户评分
570249,东风英菲尼迪,英菲尼迪Q50L,2018款 2.0T 进享版 国VI,英菲尼迪Q50L刹车片异常磨损频繁更换,"E43,E47,",2021-02-04,信息审核
570247,东风本田,本田XR-V,2015款 1.5L LXi CVT经典版,东风本田XR-V早上启动时发动机舱有异响,"A9,",2021-02-04,用户评分
570246,上汽大众,途观L,2020款 330TSI 自动 两驱 智动豪华版 国VI,大众途观L发动机启停系统故障 刹车失灵异响,"E43,E29,H263,",2021-02-04,处理反馈
570245,奇瑞汽车,瑞虎8 PLUS,2021款 290TGDI DCT 豪享版,奇瑞瑞虎8 PLUS车机系统无法读取U盘,"H155,",2021-02-04,处理反馈
570244,一汽马自达,马自达8,2015款 2.5L 至尊版,一汽马自达8排气管异响及起动机卡滞,"A44,H31,",2021-02-04,信息审核
570242,一汽-大众,迈腾,2017款 280TSI DSG 舒适型,一汽大众迈腾处于紧急运行模式无法挂倒挡,"B20,",2021-02-04,用户评分
570236,东风日产,骐达TIIDA,2019款 1.6L CVT 智尊版 国Ⅵ,东风日产骐达悬架生锈厂家没有回复,"H79,I294,",2021-02-04,处理反馈
570235,北京现代,索纳塔,2020款 270TGDi GL DCT 领先版,北京现代索纳塔转向异响希望厂家处理,"D59,",2021-02-04,处理反馈
570234,东风日产,逍客,2017款 2.0L CVT 精英版 国Ⅵ,东风日产逍客转向异响换件未解决问题,"D59,H134,J298,N318,",2021-02-04,处理反馈
570229,广汽本田,飞度,2016款 1.5L LX CVT 舒适型,广汽本田飞度发动机启动异响 故障报警,"A9,A34,",2021-02-04,处理反馈
570221,奇瑞汽车,艾瑞泽5,2017款 1.5L CVT 豪华版,奇瑞艾瑞泽5车身不同程度生锈腐烂异响,"G52,H79,",2021-02-04,处理反馈
570217,一汽奔腾,奔腾X40,2017款 1.6L 自动 尊享型,一汽奔腾X40发动机4缸失火车身抖动,"A24,",2021-02-04,处理反馈
570216,一汽-大众,探岳,2019款 征途版 280TSI 两驱 豪华型 国Ⅵ,一汽大众探岳车灯不亮 影响行车安全,"H82,",2021-02-04,处理反馈
570215,一汽-大众捷达,捷达VA3,2019款 1.5L 手动 进取版,捷达VA3发动机故障灯亮 制动系统故障灯亮,"A34,E62,",2021-02-04,用户评分
570214,奇瑞新能源,小蚂蚁,2021款 15万蚁粉款 蚁潮版,奇瑞小蚂蚁远程启动和续航里程与宣传不符,"H155,H344,M279,",2021-02-04,信息审核
570212,一汽丰田,亚洲龙,2019款 双擎 2.5L XLE 尊贵版 国Ⅵ,丰田亚洲龙发动机机油增多希望厂家处理,"A339,",2021-02-04,信息审核
570211,东风汽车,东风小霸王,轻型仓栅式货车,东风小霸王刹车时失灵 ABS故障灯亮,"E29,E74,",2021-02-04,信息审核
570210,北京现代,途胜,2015款 1.6T   双离合 两驱 智能型,北京现代途胜发动机故障灯亮 提速无力,"A34,A160,",2021-02-04,处理反馈
570209,一汽奔腾,奔腾X40,2017款 1.6L 自动 豪华型,一汽奔腾X40发动机缺缸 三缸失火,"A24,A136,",2021-02-04,处理反馈
570201,一汽-大众奥迪,奥迪Q5,2017款 2.0T 40 TFSI 技术型,一汽大众奥迪Q5水泵和节温器漏防冻液,"A37,",2021-02-04,信息审核
570200,猎豹汽车,猎豹CS10,2017款 2.0T 自动 豪华型,猎豹CS10变速箱异响 转向异响 胎压监测故障,"B33,D59,H203,",2021-02-04,信息审核
570199,一汽-大众奥迪,奥迪Q3,2018款 30 TFSI 时尚型 30周年年型,一汽大众奥迪Q3车辆起步时发动机异响,"A9,",2021-02-04,信息审核
570197,江铃福特,领界,2019款 EcoBoost 145 CVT 铂领型 国VI,江铃福特领界尾门开裂要求给予解决,"H168,H68,",2021-02-03,处理反馈
570196,一汽吉林,森雅R7,2016款 1.6L 手动 豪华型,一汽吉林森雅R7发动机故障报警经销商无配件,"A24,A34,N318,",2021-02-03,信息审核
570195,奇瑞汽车,捷途X70 PLUS,2021款 1.6T DCT 地 7座,捷途X70 PLUS车灯照射距离近 不聚光,"H82,",2021-02-03,处理反馈
570193,一汽丰田,卡罗拉,2021款 1.2T S-CVT 先锋版,一汽丰田卡罗拉低速变速箱顿挫异响,"B33,B19,",2021-02-03,信息审核
570192,吉利汽车,帝豪GL,2019款 1.4T CVT 精英智享版,吉利帝豪GL车辆行驶时A柱出现异响,"H15,",2021-02-03,用户评分
570189,广汽丰田,凯美瑞,2016款 2.5HG CVT 十周年纪念豪华导航版 双擎,广汽丰田凯美瑞真皮方向盘破损脱落,"H168,",2021-02-03,信息审核
570188,北京奔驰,奔驰GLC,2020款 GLC 300 L 4MATIC 豪华型,北京奔驰GLC减震器过硬影响舒适性,"G171,",2021-02-03,信息审核
570183,一汽-大众,探岳,2020款 330TSI 两驱 豪华智联版,一汽大众探岳自动启停失效 油耗增加,"A85,H263,",2021-02-03,处理反馈
570182,一汽-大众奥迪,奥迪A4L,2020款 45 TFSI quattro 臻选致雅型,一汽大众奥迪A4L安装中网导致车辆受损,"I295,J303,",2021-02-03,信息审核
570168,东风本田,本田CR-V,2018款 1.5T CVT 两驱 舒适版,东风本田CR-V变速箱损坏行驶中动力消失,"B334,",2021-02-03,处理反馈
570167,华晨中华,中华V7,2018款 280T 手动 豪华型 5座,华晨中华V7发动机故障灯亮发动机无法启动,"A34,A44,B19,H119,",2021-02-03,信息审核
570158,东风标致,标致307,2009款 两厢 1.6L 手动 爱乐版,东风标致307召回后油箱有严重汽油味,"H75,",2021-02-03,处理反馈
570155,上汽大众斯柯达,柯米克,2020款 1.5L 自动 舒适版,斯柯达柯米克前挡风玻璃开裂4S店不索赔,"H113,I297,",2021-02-03,处理反馈
570154,江淮汽车,瑞风S3,2016款 1.5L 手动 豪华智能型,江淮瑞风S3定速巡航失效 发动机故障灯亮,"A34,H253,",2021-02-03,用户评分
570152,东风日产,蓝鸟,2016款 1.6L CVT 高能版,东风日产蓝鸟油箱容积与厂家宣传不符,"M279,",2021-02-03,用户评分
570147,一汽-大众,探岳,2019款 330TSI 两驱 豪华型 国Ⅵ,一汽大众探岳大灯亮度不足影响行车安全,"H82,",2021-02-03,处理反馈
570142,北京现代,领动,2016款 1.4T  双离合 炫动·活力型,北京现代领动中网与门把手氧化生锈严重,"H79,",2021-02-03,处理反馈
570140,比亚迪,比亚迪S6,2013款 劲悦版 2.0L 手动 精英型 5座,比亚迪S6车身漆面起泡开裂希望处理,"H81,",2021-02-03,处理反馈
570138,一汽丰田,卡罗拉,2019款 1.2T S-CVT GL-i精英版,一汽丰田卡罗拉预碰撞系统故障倒车异响,"G56,H170,",2021-02-03,信息审核
570137,福田汽车,祥菱M,2018款 1.5L M2非承载 单排 后双胎(厢式)DAM15L,福田祥菱M轮毂螺丝杆断裂底盘异响,"G56,G200,",2021-02-03,信息审核
570135,东风日产,天籁,2020款 改款 2.0L XL 舒适版,东风日产天籁油箱异响希望厂家处理,"H147,",2021-02-03,处理反馈
570133,广汽本田,冠道,2020款 370TURBO 四驱 尊享版,广汽本田冠道首保后出现发动机漏油,"A12,",2021-02-03,用户评分
570131,一汽丰田,RAV4荣放,2020款 2.0L CVT 两驱 都市版,一汽丰田RAV4荣放右侧A柱仪表台附近异响,"H93,",2021-02-03,信息审核
570130,一汽-大众,速腾,2021款 280TSI DSG 豪华智联版,一汽大众速腾后车门关闭时有异响,"H72,",2021-02-03,处理反馈
570129,华晨宝马,宝马5系,2020款 530Li 领先型 M运动套装,华晨宝马5系合格证二维码无法扫描,"M284,",2021-02-03,信息审核
570128,广汽本田,凌派,2019款 180Turbo CVT 舒适版 国VI,广汽本田凌派发动机故障灯亮多次维修未解决,"A34,J298,",2021-02-03,用户评分
570127,一汽-大众,探岳,2020款 330TSI 两驱 豪华智联版,一汽大众探岳大灯进水希望尽快处理,"H88,",2021-02-03,处理反馈
570125,东风本田,哥瑞,2016款 1.5L CVT 风尚版,东风本田哥瑞发动机冷启动异响希望处理,"A9,",2021-02-03,处理反馈
570123,长安福特,金牛座,2019款 EcoBoost 245 尊享版,长安福特金牛座打死方向车轮异响,"G125,",2021-02-03,用户评分
570121,奇瑞汽车,瑞虎8,2019款 1.5TCI 手动 精英型,奇瑞瑞虎8车灯盲区过大 倒车灯亮度不足,"H82,Q322,",2021-02-03,用户评分
570119,东风雪铁龙,雪铁龙C4L,2013款 1.6THP 自动 劲智版,东风雪铁龙C4L高压油泵故障希望处理,"H78,",2021-02-03,处理反馈
570118,上汽集团,名爵5,2021款 180DVVT CVT 青春豪华版,上汽名爵5官方淘宝直播活动不兑现,"L313,",2021-02-03,用户评分
570117,广汽本田,缤智,2020款 1.5L CVT 豪华版,广汽本田缤智左侧车门内侧有掉漆的现象,"H81,",2021-02-03,处理反馈
570116,一汽吉林,森雅R9,2018款 1.2T 自动 尊贵智悦型,一汽森雅R9发动机防盗锁锁死 4S店无法打开,"H23,",2021-02-03,信息审核
570111,一汽-大众,探岳,2019款 330TSI 四驱 豪华型 国Ⅵ,一汽大众探岳行驶时拖挡导致共振,"B69,B208,",2021-02-03,用户评分
570109,东风日产,逍客,2017款 2.0L CVT 智享版 国V,东风日产逍客普利司通轮胎老化有裂纹,"F100,",2021-02-03,用户评分
570108,一汽-大众奥迪,奥迪A6L,2018款 35 TFSI 双离合 运动型,一汽大众奥迪A6L两后倍耐力轮胎磨损,"F10,",2021-02-03,用户评分
570107,广汽丰田,凯美瑞,2016款 2.0G 自动 十周年纪念领先版,广汽丰田凯美瑞前半轴防尘套漏油,"G161,",2021-02-03,信息审核
570099,星途,星途TX,2019款 TX 1.6T 四驱 铂金版,星途TX电池亏电严重导致空调无法启动,"H79,H146,",2021-02-03,信息审核
570095,江西五十铃,铃拓,2020款 2.5T 两驱 手动 领航版 国VI JE4D25Q6A,江西五十铃铃拓变速箱抖动希望厂家处理,"B95,",2021-02-03,信息审核
570094,一汽-大众,高尔夫,2017款 230TSI 自动 豪华百万辆纪念版,一汽大众高尔夫4S店 更换配件以旧充新,"N316,",2021-02-03,处理反馈
570093,吉利汽车,缤越,2019款 260T DCT 游侠 国VI 运动款,吉利缤越发动机故障灯亮 服务态度蛮横,"A34,I293,",2021-02-03,处理反馈
570092,江淮汽车,瑞风S2,2015款 1.5L CVT 豪华型,江淮瑞风S2行驶中TCU故障防侧滑报警,"B96,H170,",2021-02-03,处理反馈
570087,一汽丰田,威驰,2019款 1.5L CVT 创行版,一汽丰田威驰发动机冷却液渗漏希望厂家处理,"A37,",2021-02-03,信息审核
570086,广汽本田,凌派,2013款 1.8L 自动 舒适版,广汽本田凌派4S店收取高额报价费,"K307,",2021-02-03,用户评分
570082,东风日产,天籁,2020款 2.0L XL 舒适版,东风日产天籁油箱行驶时异响希望更换,"H147,",2021-02-03,处理反馈
570078,北京奔驰,奔驰GLB,2020款 GLB 200 时尚型,奔驰GLB发动机故障灯亮 天窗开关异常,"A34,H155,",2021-02-03,处理反馈
570074,DS汽车,DS6,2016款 1.6T 豪华版THP160,DS6天窗无法完全关闭希望尽快处理,"H192,",2021-02-03,信息审核
570072,广汽本田,雅阁,2018款 260TURBO 精英版 国VI,广汽本田雅阁高速行驶时修正方向卡顿,"D59,D123,",2021-02-03,处理反馈
570069,东风本田,本田UR-V,2017款 370TURBO 四驱 尊耀版 国V,东风本田UR-V进气格栅开裂厂家不予索赔,"H168,I297,",2021-02-03,处理反馈
570068,庆铃汽车,巨咖,巨咖,庆铃巨咖原车未配备汽笛希望处理,"Q322,",2021-02-03,信息审核
570066,奇瑞汽车,捷途X70,2020款 1.5T DCT 智行版 5座,捷途X70减震器异响 转向异响 颠簸抖动,"D59,G52,G162,",2021-02-03,处理反馈
570059,东风本田,本田CR-V,2017款 240TURBO 自动 两驱 舒适版,东风本田CR-V后轮胎吃胎异常磨损严重,"G245,",2021-02-03,用户评分
570058,宝马（进口）,宝马X7,2021款 xDrive40i 尊享型M运动套装,进口宝马X7座椅出现白色斑痕影响美观,"H169,",2021-02-03,信息审核
570056,一汽-大众,探影,2020款 1.5L 自动 悦,一汽大众探影后视镜无法电动调节,"H110,H211,",2021-02-03,用户评分
570055,北京现代,途胜,2015款 1.6T   双离合 两驱 智能型,北京现代途胜行驶时排气管异响 不予索赔,"H31,I297,",2021-02-03,处理反馈
570051,特斯拉中国,Model Y,2021款 长续航 全轮驱动版,特斯拉Model Y热泵压缩机损坏空调不制热,"H101,",2021-02-03,信息审核
570050,上汽大众,途铠,2019款 1.5L 自动 舒适版,上汽大众途铠合同订购车型与实际车型不符,"I293,M280,",2021-02-03,处理反馈
570049,东风日产,轩逸,2019款 1.6XV CVT 智联尊享版 国VI,东风日产轩逸加满油汽油箱异响 转向异响,"D59,H147,",2021-02-03,处理反馈
570047,一汽奔腾,奔腾B50,2016款 1.6L 自动 舒适型,一汽奔腾B50车身后轮上方生锈腐烂,"H79,",2021-02-03,处理反馈
570045,一汽-大众,探岳,2020款 330TSI 两驱 豪华智联版,一汽大众探岳冬季颗粒捕捉器堵塞油耗增加,"A85,A114,",2021-02-03,处理反馈
570043,特斯拉中国,Model Y,2021款 长续航 全轮驱动版,特斯拉Model Y空调压缩机故障 与宣传不符,"H101,I295,M279,",2021-02-03,信息审核
570042,东风悦达起亚,智跑,2018款 2.0L 自动 智享豪华版,东风悦达起亚智跑贷款还清后未提供车钥匙,"O354,",2021-02-03,处理反馈
570040,一汽红旗,红旗HS5,2019款 2.0T 智联旗享四驱版,红旗HS5启动后提示废气监控系统故障,"A114,",2021-02-03,信息审核
570038,一汽-大众,探岳,2020款 330TSI 两驱 豪华智联版,一汽大众探岳大灯透镜发白影响照明 油耗高,"A85,H82,",2021-02-03,处理反馈
570037,广汽丰田,雷凌,2021款 185T CVT 运动版,广汽丰田雷凌动力消失希望尽快处理,"A255,",2021-02-03,信息审核
570036,东风小康,东风小康C32,2018款 1.2L 改款 基本型 国V DK12,东风小康C32行驶不到一年出现大梁断裂,"G261,",2021-02-03,用户评分
570034,一汽-大众奥迪,奥迪A3,2019款 Sportback 35 TFSI 进取型 国VI,一汽大众奥迪A3发动机烧机油机油消耗异常,"A63,",2021-02-03,信息审核
570032,上汽大众,途观L,2020款 330TSI 自动 两驱 全景舒适版 国VI,上汽大众途观L低速车身共振 方向跑偏,"G117,H268,H144,",2021-02-03,用户评分
570028,长安福特,翼虎,2018款 EcoBoost 180 两驱 铂翼型,长安福特翼虎车内异味希望尽快处理,"H185,",2021-02-03,处理反馈
570027,东风日产,天籁,2021款 2.0L XL 舒适版,东风日产天籁右转弯时踩油门加速有异响,"G56,",2021-02-03,处理反馈
570026,一汽-大众奥迪,奥迪A3,2016款 Limousine 1.4T 双离合 领英型,一汽大众奥迪A3变速箱机电单元故障,"B115,",2021-02-03,信息审核
570025,一汽-大众奥迪,奥迪A4L,2016款 1.8T 自动 舒适型,一汽大众奥迪A4L行驶时发动机舱发生自燃,"H40,",2021-02-03,信息审核
570023,DS汽车,DS 4S,2016款 1.2T 进取版THP130,长安标致雪铁龙DS 4S正时皮带掉,"A191,A336,",2021-02-03,信息审核
570022,东风标致,标致408,2014款 1.8L 自动 领先版,东风标致408发动机报故障码P0172,"A34,",2021-02-03,处理反馈
570020,一汽-大众,宝来,2018款 1.5L 手动 舒适型,一汽大众宝来锦湖轮胎开裂要求解决,"F100,",2021-02-03,处理反馈
570019,长安福特,翼虎,2013款 1.6T  四驱精英型,福特翼虎加油时汽油箱异响存在质量问题,"H147,",2021-02-03,处理反馈
570016,奇瑞汽车,艾瑞泽5,2016款 1.5L 手动 领跑版,奇瑞艾瑞泽5车身底盘车门转向柱多处生锈,"H79,",2021-02-03,用户评分
570013,北京现代,菲斯塔,2021款 280TGDi 精英版,北京现代菲斯塔新车中控屏开裂厂家拒赔,"H168,",2021-02-03,处理反馈
570012,江淮汽车,嘉悦X7,2020款 1.5TGDI 自动 自由+,江淮嘉悦X7厂家质保期内拒绝维修发动机,"A34,I297,",2021-02-03,用户评分
570011,吉利汽车,缤越,2020款 PRO 260T DCT Battle,吉利缤越4S店销售承诺未兑现提不到车,"L313,L312,L311,",2021-02-03,用户评分
570005,一汽-大众奥迪,奥迪Q5L,2020款 45 TFSI 尊享时尚型,奥迪Q5L新车车内异响影响正常驾驶,"H164,",2021-02-03,信息审核
570004,奇瑞汽车,艾瑞泽5,2017款 1.5L CVT 领潮版,奇瑞艾瑞泽5前减震器异响反复维修未解决,"G52,J298,",2021-02-03,处理反馈
570002,一汽丰田,皇冠,2015款 2.0T 时尚版,一汽丰田丰田皇冠发动机喷油嘴损坏,"A53,",2021-02-03,信息审核
569999,长安福特,蒙迪欧,2013款 1.5T 自动 GTDi180时尚型,长安福特蒙迪欧三元催化器故障导致报警,"H54,",2021-02-03,处理反馈
569996,东风乘用车,风神A60,2016款 1.6L 自动 豪华型,东风风神A60发动机电脑一直无配件,"N318,",2021-02-03,厂家受理
569995,奇瑞汽车,瑞虎8,2020款 290TGDI 自动 豪华版,奇瑞瑞虎8车身不平整缝隙大制作工艺差,"H209,",2021-02-03,用户评分
569987,长安福特,翼虎,2015款 1.5L GTDi 四驱精英型 5座,长安福特翼虎碳罐堵塞导致油箱有异响,"H271,",2021-02-03,处理反馈
569982,东风标致,标致308S,2015款 1.2T 自动 劲驰版,东风标致308S更换正时皮带后烧机油,"A63,",2021-02-03,处理反馈
569979,一汽-大众,迈腾,2019款 330TSI DSG 领先型 国V,一汽大众迈腾变速箱故障无法挂入倒挡,"B20,",2021-02-03,用户评分
569976,众泰汽车,云100,2014款 云100 舒适型,众泰云100车辆质保期内发生自燃,"H40,",2021-02-03,信息审核
569973,东风标致,标致408,2015款 1.2T 自动 豪华版,东风标致408更换正时皮带后发动机烧机油,"A63,J300,",2021-02-03,处理反馈
569968,广汽丰田,汉兰达,2015款 2.0T 四驱 豪华版 7座,广汽丰田汉兰达经销商保养后发动机拉缸,"A9,A329,",2021-02-03,信息审核
569967,吉利汽车,帝豪GL,2020款 1.4T CVT 豪华型,吉利帝豪GL后备箱无法关闭要求解决,"H68,",2021-02-03,处理反馈
569966,奇瑞汽车,奇瑞E3,2013款 1.5L 智尚型,奇瑞E3车门生锈严重存在质量问题,"H79,",2021-02-03,处理反馈
569965,捷豹,捷豹XJ,2016款 XJL 2.0T 两驱 典雅商务版,捷豹XJ桃木内饰板开裂希望给予解决,"H168,",2021-02-03,处理反馈
569964,东南汽车,东南DX3,2016款 1.5L 手动 豪华型,东南DX3转向异响卡滞行驶方向跑偏,"D59,D123,G117,",2021-02-03,用户评分
569959,一汽-大众,探岳,2019款 330TSI 两驱 豪华型 国Ⅵ,一汽大众探岳车灯发白不亮 影响夜间使用,"H82,",2021-02-03,处理反馈
569958,广汽丰田,YARiS L 致炫,2020款 1.5L CVT 领先版,广汽丰田致炫中控异响多次维修未解决,"H93,J300,",2021-02-03,信息审核
569956,东风日产,轩逸,2021款 1.6L XL CVT 悦享版,东风日产轩逸新更换的优科豪马轮胎爆胎,"F130,",2021-02-03,处理反馈
569955,广汽丰田,汉兰达,2015款 2.0T 四驱 豪华版 7座,广汽丰田汉兰达发动机缸体损伤要求解决,"A136,",2021-02-03,信息审核
569951,一汽-大众,T-ROC探歌,2020款 280TSI DSG 两驱 舒适型,一汽大众T-ROC探歌电瓶亏电 变速箱漏油,"B22,H146,",2021-02-03,处理反馈
569948,东风日产,天籁,2019款 2.0L XL Upper 智行版,东风日产天籁智连APP无法使用希望厂家处理,"H155,",2021-02-03,处理反馈
569946,东风乘用车,风神A60,2016款 1.6L 自动 豪华型,东风风神A60变速箱无法换挡 空调有异响,"B20,H101,",2021-02-03,厂家受理
569945,特斯拉中国,Model 3,2020款 标准续航 后驱 升级版,特斯拉Model 3动力电池无法充满电,"H340,",2021-02-03,信息审核
569942,一汽丰田,卡罗拉,2021款 1.2T S-CVT 先锋版,一汽丰田卡罗拉发动机异响希望厂家处理,"A9,",2021-02-03,信息审核
569940,奇瑞汽车,瑞虎5,2014款 2.0L 手动 家悦版,奇瑞瑞虎5空调控制面板无法控制 影响使用,"H101,",2021-02-03,处理反馈
569939,东风日产,奇骏,2020款 2.0L XL ITS CVT 2WD 智联舒适版,东风日产奇骏电瓶亏电经常无法启动,"H146,",2021-02-03,处理反馈
569933,长安福特,翼虎,2017款 EcoBoost 180 两驱 豪翼型,长安福特翼虎防冻液渗漏希望厂家处理,"A37,A191,",2021-02-03,处理反馈
569932,一汽-大众,迈腾,2017款 330TSI DSG 豪华型,一汽大众迈腾变速箱顿挫 方向机异响,"A12,B19,D59,H101,H67,H110,",2021-02-03,处理反馈
569931,东风日产,天籁,2021款 2.0L XL 舒适版,东风日产天籁加满油后刹车时油箱异响,"H147,",2021-02-03,处理反馈
569928,一汽-大众,迈腾,2020款 330TSI DSG 豪华型,一汽大众迈腾正常行驶时发动机无故熄火,"A14,",2021-02-03,处理反馈
569926,路虎进口,发现,2020款 3.0 SC V6 SE,进口路虎发现行驶熄火 电路系统瘫痪,"A14,H110,",2021-02-03,处理反馈
569923,东风本田,INSPIRE,2019款 锐·混动 2.0L 净尚版 国V,东风本田INSPIRE发动机气门室盖漏油,"A12,",2021-02-03,处理反馈
569920,吉利汽车,远景X6,2020款 1.4T CVT 尊贵型,吉利远景X6手机远程启动功能与宣传不符,"M279,",2021-02-03,处理反馈
569917,华晨宝马,宝马3系,2021款 325Li M运动套装,华晨宝马3系新车被4S店工作人员剐蹭受损,"J299,",2021-02-03,信息审核
569916,东风日产,轩逸,2012款 1.6L XE 自动 舒适版 经典,东风日产轩逸发动机和变速箱异响严重,"A9,B33,",2021-02-03,处理反馈
569915,长安福特,蒙迪欧,2013款 1.5T 自动 GTDi180时尚型,长安福特蒙迪欧节气门进机油希望厂家处理,"A12,",2021-02-03,处理反馈
